Pos,Team,Keep,Name, ,AB,H,2B,3B,HR,R,RBI,BB,SO,HBP,SB,CS,AVG,OBP,SLG,wOBA,WAR,playerid,R2,HR2,RBI2,SB2,AVG2,Sum,RVP,+/-,$1 bench,Upper,Lower
OF,,MC,Mike Trout,673,571,169,32,6,31,108,92,86,145,7,21,8,0.297,0.393,0.538,0.403,9,10155,2.7,2.8,2.2,1.8,2.4,11.9,284%,100%,,$47,$38
,,,Giancarlo Stanton,634,537,150,32,1,40,93,103,86,160,4,7,4,0.278,0.380,0.568,0.404,5.9,4949,2.1,3.9,2.6,0.2,1.5,10.3,,100%,,$41,$33
,,,Andrew McCutchen,650,556,167,34,4,23,90,86,80,112,8,16,8,0.301,0.393,0.504,0.39,6.2,9847,2.0,1.8,1.9,1.2,2.6,9.6,,100%,,$38,$31
,,,Paul Goldschmidt,646,551,156,37,2,31,88,91,85,138,4,11,6,0.283,0.380,0.523,0.389,5,9218,1.9,2.8,2.1,0.7,1.8,9.3,,100%,,$37,$30
OF,,MG,Jose Bautista,654,545,145,28,1,36,99,99,96,102,7,5,3,0.267,0.380,0.517,0.39,5,1887,2.3,3.4,2.4,-0.0,1.0,9.2,195%,100%,,$36,$29
1B,,SR,Miguel Cabrera,654,572,181,38,1,32,97,106,72,105,4,2,1,0.317,0.394,0.557,0.408,5.6,1744,1.7,2.3,2.0,-0.4,3.4,8.9,86%,83%,,$36,$29
,,,Troy Tulowitzki,600,522,158,31,2,28,85,92,67,93,6,3,2,0.303,0.385,0.527,0.396,5.8,3531,1.8,2.4,2.2,-0.3,2.7,8.9,,100%,,$35,$28
2B,HOU,SR,Jose Altuve,664,614,184,37,2,9,83,62,37,61,5,35,15,0.299,0.341,0.411,0.331,3,5417,1.7,0.1,1.0,3.5,2.5,8.82,112%,100%,,$35,$28
1B,,MC,Edwin Encarnacion,636,549,147,28,2,35,91,101,75,88,6,4,2,0.268,0.359,0.515,0.378,3.6,2151,2.0,3.3,2.5,-0.2,1.0,8.7,82%,100%,,$35,$28
,,,Anthony Rizzo,652,565,153,33,2,32,89,93,72,115,8,6,4,0.271,0.359,0.503,0.375,5,3473,2.0,2.9,2.2,0.1,1.2,8.4,,100%,,$33,$27
1B,CWS,DW,Jose Abreu,564,498,142,25,1,32,81,87,50,117,8,4,2,0.285,0.357,0.537,0.384,4,15676,1.7,2.9,2.0,-0.2,1.9,8.3,72%,100%,,$33,$27
,,,Yasiel Puig,619,541,159,32,5,22,87,74,60,115,10,13,8,0.294,0.373,0.495,0.379,5.1,14225,1.9,1.7,1.5,0.9,2.3,8.2,,100%,,$33,$26
OF,,MG,Jacoby Ellsbury,639,577,156,28,4,16,86,61,49,95,4,33,11,0.271,0.330,0.418,0.329,4,4727,1.9,0.9,1.0,3.2,1.2,8.2,164%,100%,,$33,$26
,,,Carlos Gomez,609,549,143,28,4,21,73,73,41,139,12,29,11,0.261,0.323,0.441,0.337,4.3,4881,1.4,1.6,1.4,2.8,0.7,7.8,,100%,,$31,$25
,,,Bryce Harper,616,535,149,27,4,26,86,80,70,125,4,10,6,0.278,0.363,0.490,0.371,5,11579,1.9,2.2,1.7,0.5,1.5,7.8,,100%,,$31,$25
3B,TEX,,Adrian Beltre,633,575,171,32,1,24,82,94,48,80,5,1,1,0.297,0.354,0.484,0.363,5,639,1.7,1.9,2.2,-0.5,2.4,7.8,73%,100%,,$31,$25
,,,Ryan Braun,610,546,151,30,4,24,78,81,52,121,6,13,6,0.278,0.345,0.480,0.358,3,3410,1.6,1.9,1.7,0.9,1.5,7.6,,100%,,$30,$25
OF,BAL,BW,Adam Jones,646,605,166,30,2,27,78,91,27,126,9,7,4,0.274,0.312,0.463,0.339,4,6368,1.6,2.3,2.1,0.2,1.3,7.5,142%,100%,,$30,$24
SS,BOS,,Hanley Ramirez,565,499,145,33,1,19,76,78,55,96,6,13,6,0.291,0.365,0.474,0.368,4,8001,1.5,1.3,1.6,0.9,2.2,7.5,149%,100%,,$30,$24
,,,Starling Marte,614,555,152,30,7,14,80,56,34,144,15,31,15,0.274,0.331,0.430,0.335,3.5,9241,1.6,0.7,0.8,3.0,1.3,7.4,,100%,,$30,$24
,,,Carlos Gonzalez,533,478,135,26,4,24,74,77,47,127,3,12,5,0.282,0.347,0.505,0.369,2,7287,1.4,1.9,1.6,0.8,1.7,7.4,,100%,,$30,$24
2B,SEA,,Robinson Cano,644,576,170,38,1,18,81,82,56,76,6,6,3,0.295,0.360,0.461,0.355,5,3269,1.7,1.2,1.8,0.1,2.3,7.05,69%,100%,,$28,$23
UTIL,,,David Ortiz,597,517,143,32,1,26,83,90,71,98,3,1,1,0.277,0.365,0.493,0.366,2,745,1.7,2.2,2.1,-0.5,1.5,7.0,,100%,,$28,$22
,,,Freddie Freeman,642,552,157,32,3,24,78,83,76,123,7,3,2,0.284,0.375,0.480,0.375,4,5361,1.6,1.9,1.8,-0.3,1.8,6.8,,100%,,$27,$22
SS,TOR,,Jose Reyes,637,581,165,35,4,11,84,59,45,69,2,22,8,0.284,0.335,0.410,0.328,2.9,1736,1.8,0.3,0.9,1.9,1.8,6.7,125%,100%,,$27,$22
1B,,DW,Prince Fielder,599,511,144,28,1,24,81,86,75,93,8,1,1,0.282,0.380,0.483,0.37,3,4613,1.7,1.9,1.9,-0.5,1.7,6.7,40%,100%,,$27,$22
1B,,BW,Albert Pujols,613,555,149,30,1,26,78,87,48,73,5,4,2,0.269,0.330,0.466,0.344,3,1177,1.6,2.2,2.0,-0.2,1.1,6.6,38%,100%,,$26,$21
,,,Adrian Gonzalez,642,581,162,33,0,24,77,85,52,109,3,2,1,0.280,0.340,0.461,0.349,3,1908,1.5,1.9,1.9,-0.4,1.6,6.6,,100%,,$26,$21
OF,,,Yoenis Cespedes,600,551,147,28,6,24,75,86,38,120,5,7,4,0.268,0.319,0.467,0.342,3,13110,1.4,1.9,1.9,0.2,1.0,6.5,111%,100%,,$26,$21
3B,TOR,DW,Josh Donaldson,620,546,144,30,2,26,81,84,61,118,6,5,3,0.264,0.342,0.470,0.356,6,5038,1.7,2.2,1.9,-0.0,0.8,6.5,45%,100%,,$26,$21
,,,Corey Dickerson,522,476,136,27,6,20,71,68,36,99,2,11,7,0.285,0.335,0.493,0.36,2,10762,1.3,1.4,1.2,0.7,1.9,6.5,,100%,,$26,$21
OF,,SG,Michael Brantley,635,573,166,34,2,13,76,69,49,62,5,14,7,0.290,0.349,0.427,0.3,3.1,4106,1.5,0.6,1.3,1.0,2.1,6.4,108%,100%,,$26,$21
,,,Jason Heyward,606,527,142,28,3,20,78,69,66,92,6,13,7,0.270,0.355,0.446,0.353,5,4940,1.6,1.4,1.3,0.9,1.1,6.3,,100%,,$25,$20
,,,Charlie Blackmon,606,555,152,29,3,15,70,66,33,97,8,20,10,0.274,0.323,0.417,0.325,1,7859,1.3,0.8,1.2,1.7,1.3,6.3,,100%,,$25,$20
2B,DET,,Ian Kinsler,676,613,163,35,3,16,87,67,46,74,7,15,7,0.266,0.322,0.413,0.325,4,6195,1.9,0.9,1.2,1.1,0.9,6.10,46%,100%,,$24,$20
3B,BOS,,Pablo Sandoval,597,543,158,33,3,18,76,82,44,81,4,1,1,0.291,0.347,0.464,0.353,4,5409,1.5,1.2,1.8,-0.5,2.2,6.1,35%,100%,,$24,$20
OF,,JW,J.D. Martinez,588,540,147,29,3,22,72,80,38,139,4,6,4,0.273,0.323,0.462,0.343,2,6184,1.3,1.7,1.7,0.1,1.3,6.1,96%,100%,,$24,$20
1B,,,Eric Hosmer,634,572,159,33,2,19,76,76,52,97,3,7,4,0.278,0.339,0.440,0.342,2,3516,1.5,1.3,1.5,0.2,1.5,6.1,26%,100%,,$24,$19
OF,,,Alex Gordon,669,589,159,35,3,18,86,69,63,133,7,10,5,0.270,0.345,0.432,0.342,5,5209,1.9,1.2,1.3,0.5,1.1,6.0,94%,100%,,$24,$19
,,,Buster Posey,560,499,149,29,2,19,67,75,52,69,4,1,1,0.299,0.368,0.476,0.368,6,9166,1.1,1.3,1.5,-0.5,2.5,6.0,,100%,,$24,$19
,,,Ian Desmond,624,569,147,29,2,19,70,71,42,155,5,18,8,0.258,0.313,0.416,0.322,3,6885,1.3,1.3,1.4,1.5,0.6,6.0,,100%,,$24,$19
,,,Justin Morneau,526,477,141,29,2,19,67,75,39,77,5,2,1,0.295,0.352,0.484,0.364,2,1737,1.1,1.3,1.5,-0.4,2.3,5.9,,100%,,$24,$19
,,,Anthony Rendon,609,539,150,34,4,17,73,71,55,95,6,10,5,0.279,0.349,0.451,0.352,5,12861,1.4,1.1,1.4,0.5,1.6,5.9,,100%,,$23,$19
,,,Hunter Pence,637,577,155,27,6,19,71,79,50,117,4,10,5,0.269,0.329,0.434,0.335,3,8252,1.3,1.3,1.7,0.5,1.1,5.9,,100%,,$23,$19
,,,Joey Votto,596,482,135,30,1,20,78,70,103,114,5,4,3,0.280,0.409,0.473,0.385,4,4314,1.6,1.4,1.3,-0.2,1.6,5.8,,100%,,$23,$19
,,,Ben Revere,614,576,163,18,5,3,61,43,26,57,4,35,13,0.283,0.316,0.347,0.295,1,4712,0.9,-0.7,0.3,3.5,1.8,5.7,,100%,,$23,$18
,,,Billy Hamilton,518,474,116,19,5,6,51,41,34,94,2,51,21,0.245,0.296,0.342,0.285,2,10199,0.5,-0.3,0.2,5.3,-0.1,5.7,,100%,,$23,$18
2B,BOS,,Dustin Pedroia,654,583,165,37,1,11,81,72,61,76,3,10,5,0.283,0.352,0.406,0.337,5,8370,1.7,0.3,1.4,0.5,1.8,5.68,36%,100%,,$23,$18
,,,Nolan Arenado,599,553,156,36,3,19,69,78,34,72,4,4,2,0.281,0.326,0.460,0.344,4,9777,1.2,1.3,1.6,-0.2,1.7,5.7,,100%,,$23,$18
OF,CWS,JW,Melky Cabrera,622,567,163,32,3,15,77,68,45,75,2,6,3,0.288,0.341,0.432,0.34,2,4022,1.5,0.8,1.2,0.1,2.0,5.7,82%,100%,,$23,$18
3B,TBR,,Evan Longoria,640,566,145,30,2,25,77,85,63,132,6,3,2,0.256,0.334,0.446,0.340,5,9368,1.5,2.1,1.9,-0.3,0.5,5.7,26%,100%,,$23,$18
UTIL,,,Victor Martinez,480,426,131,25,1,16,63,65,45,41,3,2,1,0.308,0.375,0.483,0.369,2,393,1.0,0.9,1.1,-0.4,3.0,5.6,,100%,,$22,$18
,,,Christian Yelich,660,582,157,30,5,13,78,60,66,135,3,18,9,0.269,0.345,0.403,0.332,3,11477,1.6,0.6,0.9,1.5,1.1,5.6,,100%,,$22,$18
3B,SEA,SR,Kyle Seager,638,570,149,30,3,21,76,78,55,112,6,7,5,0.262,0.330,0.433,0.337,4,9785,1.5,1.6,1.6,0.2,0.7,5.6,25%,100%,,$22,$18
1B,BAL,,Steve Pearce,559,490,132,28,1,22,72,71,55,108,7,6,3,0.270,0.349,0.466,0.358,3,9957,1.3,1.7,1.4,0.1,1.1,5.6,16%,100%,,$22,$18
,,,Matt Holliday,593,514,143,31,1,20,74,74,64,97,9,3,2,0.277,0.365,0.455,0.361,2.9,1873,1.4,1.4,1.5,-0.3,1.5,5.5,,100%,,$22,$18
OF,,,Leonys Martin,556,505,133,22,6,10,64,55,37,109,4,28,12,0.263,0.317,0.386,0.311,2,11846,1.0,0.2,0.8,2.6,0.8,5.4,74%,100%,,$22,$17
,,,Justin Upton,612,536,136,26,2,24,74,73,65,148,6,8,4,0.253,0.337,0.442,0.343,3,5222,1.4,1.9,1.4,0.3,0.3,5.4,,100%,,$21,$17
SS,TEX,,Elvis Andrus,662,599,161,28,2,4,76,53,51,91,4,28,13,0.269,0.327,0.345,0.3,3,8709,1.5,-0.6,0.7,2.6,1.1,5.3,77%,100%,,$21,$17
OF,,,Shin-Soo Choo,634,534,141,28,2,16,86,62,77,137,14,11,6,0.264,0.369,0.417,0.351,2.2,3174,1.9,0.9,1.0,0.7,0.8,5.3,71%,100%,,$21,$17
3B,BAL,,Manny Machado,616,566,153,34,2,18,78,69,38,99,4,6,4,0.271,0.319,0.436,0.33,5.1,11493,1.6,1.2,1.3,0.1,1.2,5.3,17%,100%,,$21,$17
,,,Denard Span,635,575,162,33,6,5,78,48,47,70,3,22,9,0.282,0.338,0.387,0.322,2.8,8347,1.6,-0.4,0.5,1.9,1.7,5.3,,100%,,$21,$17
,,,Brandon Belt,589,518,139,31,3,20,67,72,59,135,5,7,4,0.268,0.346,0.454,0.35,3,10264,1.1,1.4,1.4,0.2,1.0,5.2,,100%,,$21,$17
,,,Matt Kemp,561,501,133,26,3,21,65,70,52,138,3,8,4,0.266,0.336,0.452,0.343,1.9,5631,1.1,1.6,1.3,0.3,0.9,5.2,,100%,,$21,$17
OF,,JW,George Springer,564,489,115,19,2,25,71,70,59,165,7,15,7,0.234,0.324,0.439,0.34,2,12856,1.3,2.1,1.3,1.1,-0.6,5.2,68%,100%,,$21,$17
OF,,,Torii Hunter,620,572,163,31,2,15,74,70,33,113,7,4,3,0.284,0.328,0.427,0.333,2,731,1.4,0.8,1.3,-0.2,1.8,5.2,67%,100%,,$21,$17
,,,Dee Gordon,563,515,132,17,8,2,57,39,35,92,5,45,18,0.256,0.307,0.335,0.287,1,8203,0.8,-0.8,0.1,4.6,0.5,5.2,,100%,,$21,$17
,,,Jayson Werth,534,460,131,27,1,16,69,64,63,99,5,6,3,0.285,0.374,0.454,0.366,3,1327,1.2,0.9,1.1,0.1,1.9,5.2,,100%,,$21,$17
3B,BAL,JW,Chris Davis,551,483,117,23,1,30,71,79,55,172,7,3,2,0.242,0.326,0.477,0.348,2,9272,1.3,2.7,1.7,-0.3,-0.2,5.1,14%,100%,,$20,$17
,,,Ryan Zimmerman,577,515,142,29,2,19,72,72,53,107,3,3,2,0.275,0.344,0.449,0.348,3,4220,1.3,1.3,1.4,-0.3,1.4,5.1,,100%,,$20,$17
OF,,,Brett Gardner,655,579,147,28,6,12,80,57,59,139,7,21,8,0.254,0.328,0.388,0.320,3,9927,1.6,0.4,0.8,1.8,0.4,5.1,64%,100%,,$20,$16
OF,,DW,Nelson Cruz,562,509,127,26,1,26,68,77,42,127,4,5,3,0.249,0.310,0.457,0.334,1.3,2434,1.2,2.2,1.6,-0.0,0.1,5.0,62%,100%,,$20,$16
,,,Josh Harrison,558,519,144,31,5,11,60,60,25,80,6,17,8,0.278,0.317,0.421,0.324,2.7,8202,0.9,0.3,0.9,1.4,1.5,5.0,,100%,,$20,$16
,,,Mark Trumbo,566,516,127,24,2,28,65,79,42,144,3,4,3,0.246,0.304,0.463,0.333,1,6876,1.1,2.4,1.7,-0.2,-0.0,5.0,,100%,,$20,$16
OF,,SR,Kole Calhoun,603,545,143,28,3,18,72,71,47,111,4,8,4,0.263,0.323,0.428,0.332,3,11200,1.3,1.2,1.4,0.3,0.8,5.0,61%,100%,,$20,$16
,,,David Wright,576,511,141,29,2,16,66,65,55,104,5,9,5,0.275,0.347,0.432,0.342,4,3787,1.1,0.9,1.1,0.4,1.4,5.0,,100%,,$20,$16
2B,CLE,,Jason Kipnis,618,546,138,29,2,13,72,63,61,115,4,20,8,0.253,0.330,0.386,0.320,2.5,9776,1.3,0.6,1.1,1.7,0.3,4.97,19%,100%,,$20,$16
,,,Adam Lind,575,514,140,25,2,21,67,75,53,103,2,1,1,0.272,0.340,0.451,0.347,2,8027,1.1,1.6,1.5,-0.5,1.2,4.9,,100%,,$20,$16
UTIL,,SR,Chris Carter,608,530,118,23,1,32,76,83,67,192,5,4,2,0.223,0.314,0.453,0.34,2,9911,1.5,2.9,1.8,-0.2,-1.1,4.9,,100%,,$20,$16
OF,,,Oswaldo Arcia,538,486,125,24,3,24,65,74,40,139,6,4,3,0.258,0.320,0.469,0.345,2,10306,1.1,1.9,1.5,-0.2,0.6,4.9,57%,100%,,$19,$16
,,,Marcell Ozuna,624,575,146,27,4,22,68,80,40,144,3,4,3,0.255,0.304,0.434,0.324,3.0,10324,1.2,1.7,1.7,-0.2,0.4,4.8,,100%,,$19,$15
1B,,,Billy Butler,638,568,156,32,1,16,74,78,59,104,5,1,1,0.274,0.346,0.420,0.337,2,7399,1.4,0.9,1.6,-0.5,1.3,4.8,-0%,100%,,$19,$15
C,HOU,,Evan Gattis,575,528,128,26,2,28,69,81,33,127,7,1,1,0.243,0.295,0.459,0.328,1,11003,1.2,2.4,1.7,-0.5,-0.2,4.7,,100%,,$19,$15
,,,Jorge Soler,541,488,128,27,2,22,64,69,42,112,3,5,3,0.262,0.322,0.463,0.343,2,14221,1.0,1.7,1.3,-0.0,0.7,4.7,,100%,,$19,$15
,,,Carl Crawford,514,475,130,25,3,11,60,49,27,79,5,20,8,0.273,0.317,0.411,0.321,2,1201,0.9,0.3,0.5,1.7,1.3,4.7,,100%,,$19,$15
OF,,,Coco Crisp,598,527,132,25,3,13,76,54,61,78,2,20,6,0.251,0.328,0.385,0.318,2.1,1572,1.5,0.6,0.7,1.7,0.2,4.7,51%,100%,,$19,$15
2B,OAK,,Ben Zobrist,651,565,150,36,3,12,79,68,74,88,4,9,5,0.266,0.353,0.406,0.337,5,7435,1.6,0.4,1.2,0.4,0.9,4.64,11%,100%,,$18,$15
SS,CWS,,Alexei Ramirez,630,591,157,30,2,11,66,63,27,76,4,16,8,0.265,0.300,0.379,0.300,2,5133,1.1,0.3,1.1,1.2,0.9,4.6,54%,100%,,$18,$15
,,,Starlin Castro,617,568,156,34,2,13,71,61,36,99,5,9,5,0.274,0.320,0.409,0.321,2,4579,1.3,0.6,1.0,0.4,1.3,4.6,,100%,,$18,$15
OF,,,Steven Souza,507,451,111,21,2,18,59,59,46,115,4,19,10,0.247,0.319,0.419,0.326,2,5667,0.8,1.2,0.9,1.6,0.0,4.6,47%,100%,,$18,$15
OF,,,Desmond Jennings,661,583,141,30,3,14,78,58,63,130,5,20,8,0.241,0.318,0.377,0.311,3,1965,1.6,0.7,0.9,1.7,-0.3,4.5,47%,100%,,$18,$15
3B,NYY,,Chase Headley,608,530,136,27,1,17,71,70,64,139,7,8,4,0.257,0.343,0.412,0.335,4,4720,1.3,1.1,1.3,0.3,0.5,4.5,-0%,100%,,$18,$14
3B,CLE,,Carlos Santana,616,509,125,28,1,22,77,75,97,113,4,4,2,0.245,0.367,0.435,0.356,3,2396,1.5,1.7,1.5,-0.2,-0.1,4.5,-0%,100%,,$18,$14
SS,LAA,,Erick Aybar,627,581,157,32,4,8,69,58,32,66,5,15,7,0.271,0.313,0.378,0.305,3.1,4082,1.2,-0.1,0.9,1.1,1.2,4.3,44%,100%,,$17,$14
2B,OAK,,Brett Lawrie,553,499,131,27,2,17,65,65,40,84,7,7,4,0.263,0.324,0.427,0.332,4,5247,1.1,1.1,1.1,0.2,0.8,4.25,2%,100%,,$17,$14
OF,BOS,,Mookie Betts,418,371,105,22,2,8,53,47,39,52,3,18,8,0.283,0.352,0.420,0.343,2.5,13611,0.6,-0.1,0.4,1.5,1.8,4.2,37%,100%,,$17,$14
,,,Joc Pederson,595,514,116,19,2,21,64,64,67,148,5,19,11,0.225,0.318,0.387,0.315,2,11899,1.0,1.6,1.1,1.6,-1.0,4.2,,100%,,$17,$14
1B,,,Brandon Moss,484,424,105,20,1,26,63,71,49,132,6,2,1,0.248,0.332,0.485,0.356,2,4467,1.0,2.2,1.4,-0.4,0.1,4.2,-12%,100%,,$17,$14
2B,MIN,MC,Brian Dozier,637,560,134,29,2,16,74,62,62,116,6,15,8,0.240,0.320,0.381,0.314,3,9810,1.4,0.9,1.0,1.1,-0.3,4.17,-0%,100%,,$17,$13
,,,Michael Cuddyer,591,536,137,28,2,19,63,71,46,110,3,6,4,0.255,0.315,0.418,0.32,1,1534,1.0,1.3,1.4,0.1,0.4,4.1,,100%,,$17,$13
OF,CWS,,Avisail Garcia,537,496,131,19,2,17,59,62,29,111,5,9,5,0.263,0.308,0.414,0.318,1,5760,0.8,1.1,1.0,0.4,0.8,4.1,34%,100%,,$16,$13
OF,BAL,,Alejandro De Aza,546,491,129,25,5,11,68,47,40,116,6,17,9,0.263,0.324,0.398,0.320,2,3371,1.2,0.3,0.4,1.4,0.8,4.1,32%,100%,,$16,$13
,,,Daniel Murphy,612,567,157,34,2,9,66,56,35,83,2,11,5,0.277,0.320,0.393,0.314,1.5,4316,1.1,0.1,0.8,0.7,1.5,4.1,,100%,,$16,$13
OF,,,Lorenzo Cain,556,512,136,27,3,8,57,53,33,117,5,20,9,0.267,0.315,0.377,0.307,3,9077,0.8,-0.1,0.7,1.7,1.0,4.1,32%,100%,,$16,$13
,,,Matt Adams,507,469,126,25,3,19,57,67,29,106,3,3,2,0.268,0.312,0.455,0.334,2,9393,0.8,1.3,1.2,-0.3,1.0,4.1,,100%,,$16,$13
,,,Martin Prado,644,588,161,33,4,12,71,62,43,76,5,5,3,0.274,0.326,0.401,0.321,3,3312,1.3,0.4,1.0,-0.0,1.3,4.0,,100%,,$16,$13
1B,CWS,,Adam LaRoche,587,500,119,22,1,24,72,75,78,127,3,2,1,0.239,0.343,0.434,0.34,2,1904,1.3,1.9,1.5,-0.4,-0.4,4.0,-16%,100%,,$16,$13
OF,SEA,,Austin Jackson,642,573,147,29,4,10,77,51,55,144,3,16,7,0.256,0.322,0.371,0.310,2,9848,1.5,0.2,0.6,1.2,0.5,4.0,29%,100%,,$16,$13
,,,Gregory Polanco,541,489,122,22,2,13,55,55,42,87,3,21,11,0.250,0.310,0.381,0.307,1,12907,0.7,0.6,0.8,1.8,0.2,4.0,,100%,,$16,$13
OF,DET,,Rajai Davis,424,392,104,22,2,6,49,40,22,72,5,29,10,0.265,0.310,0.378,0.305,1,3708,0.5,-0.3,0.2,2.8,0.9,4.0,29%,100%,,$16,$13
1B,SEA,,Logan Morrison,553,492,125,28,1,19,65,69,51,89,4,5,3,0.254,0.326,0.430,0.33,2,9205,1.1,1.3,1.3,-0.0,0.4,4.0,-17%,100%,,$16,$13
OF,KCR,,Alex Rios,525,491,130,25,5,10,55,57,26,89,3,17,8,0.265,0.303,0.398,0.308,1,2090,0.7,0.2,0.8,1.4,0.9,4.0,28%,100%,,$16,$13
,,,Pedro Alvarez,532,473,114,21,1,24,61,71,50,144,3,5,3,0.242,0.316,0.447,0.333,2,2495,0.9,1.9,1.4,-0.0,-0.2,4.0,,100%,,$16,$13
,,,Neil Walker,530,471,128,26,3,16,64,61,45,86,8,3,2,0.273,0.343,0.439,0.345,3,7539,1.0,0.9,1.0,-0.3,1.3,4.0,,100%,,$16,$13
OF,BOS,,Rusney Castillo,498,456,120,25,2,12,58,57,30,88,4,15,8,0.262,0.312,0.406,0.317,2,17016,0.8,0.4,0.8,1.1,0.7,3.9,27%,100%,,$16,$13
1B,MIN,,Joe Mauer,618,535,152,32,2,9,73,61,73,108,2,3,2,0.284,0.370,0.403,0.341,3,1857,1.4,0.1,1.0,-0.3,1.8,3.9,-18%,100%,,$16,$13
,,,Jimmy Rollins,630,563,133,25,2,13,72,53,57,96,2,21,8,0.237,0.306,0.358,0.296,3,971,1.3,0.6,0.7,1.8,-0.5,3.9,,100%,,$16,$13
,,,Todd Frazier,527,472,117,23,2,20,57,63,43,112,6,10,6,0.249,0.317,0.432,0.330,3,785,0.8,1.4,1.1,0.5,0.1,3.9,,100%,,$16,$13
C,NYY,,Brian McCann,518,465,117,18,1,24,62,70,42,78,5,1,1,0.251,0.317,0.445,0.333,3,4810,1.0,1.9,1.3,-0.5,0.2,3.9,,100%,,$16,$13
,,,Jean Segura,539,499,131,19,6,8,58,47,28,68,5,22,11,0.262,0.306,0.372,0.299,2,5933,0.8,-0.1,0.4,1.9,0.7,3.9,,100%,,$15,$12
1B,BOS,,Mike Napoli,540,455,111,24,1,22,70,70,73,154,5,3,2,0.244,0.352,0.444,0.352,3,3057,1.3,1.7,1.3,-0.3,-0.1,3.9,-19%,100%,,$15,$12
OF,CWS,,Adam Eaton,582,517,139,25,6,6,69,47,48,90,9,17,9,0.270,0.339,0.376,0.320,1.9,11205,1.2,-0.3,0.4,1.4,1.1,3.8,24%,100%,,$15,$12
,,,Drew Stubbs,448,401,104,19,3,13,55,48,37,130,2,18,6,0.259,0.323,0.414,0.326,1,9328,0.7,0.6,0.5,1.5,0.6,3.8,,100%,,$15,$12
SS,KCR,,Alcides Escobar,607,568,148,28,4,5,61,51,25,83,5,23,8,0.260,0.295,0.347,0.285,2.1,6310,0.9,-0.4,0.6,2.1,0.7,3.8,26%,100%,,$15,$12
,,,Michael Morse,553,506,131,27,2,20,60,71,35,135,7,1,1,0.259,0.313,0.438,0.330,1,3035,0.9,1.4,1.4,-0.5,0.6,3.8,,100%,,$15,$12
,,,Jay Bruce,527,469,112,24,1,23,60,68,49,136,3,7,4,0.239,0.312,0.441,0.327,1,9892,0.9,1.8,1.2,0.2,-0.4,3.8,,100%,,$15,$12
,,,Lucas Duda,617,530,124,25,1,24,69,74,73,148,7,3,2,0.234,0.333,0.419,0.332,2,2502,1.2,1.9,1.5,-0.3,-0.6,3.7,,100%,,$15,$12
,,,Angel Pagan,546,497,135,28,4,7,60,46,39,74,2,17,7,0.273,0.326,0.384,0.314,1.8,2918,0.9,-0.2,0.4,1.4,1.3,3.7,,100%,,$15,$12
,,,Matt Carpenter,619,530,146,33,3,10,77,52,73,97,7,5,3,0.276,0.368,0.404,0.346,4,8090,1.5,0.2,0.6,-0.0,1.4,3.7,,100%,,$15,$12
,,,Kris Bryant,406,356,93,18,1,21,52,56,40,115,5,6,4,0.261,0.341,0.496,0.364,3,sa549381,0.6,1.6,0.8,0.1,0.7,3.7,,100%,,$15,$12
,,,Jonathan Lucroy,503,450,127,27,2,12,56,58,44,59,4,5,3,0.282,0.347,0.432,0.344,3.2,7870,0.7,0.4,0.9,-0.0,1.7,3.7,,100%,,$15,$12
,,,Javier Baez,541,496,110,21,2,24,59,67,33,162,5,13,7,0.221,0.275,0.418,0.304,1.3,12979,0.8,1.9,1.2,0.9,-1.2,3.6,,100%,,$15,$12
,,,Nori Aoki,565,505,140,23,4,5,64,41,43,51,8,17,8,0.277,0.341,0.365,0.317,2,13075,1.0,-0.4,0.2,1.4,1.5,3.6,,100%,,$15,$12
,,,Aramis Ramirez,528,481,128,26,1,17,58,66,33,80,10,2,1,0.266,0.324,0.431,0.332,2,1002,0.8,1.1,1.2,-0.4,0.9,3.6,,100%,,$14,$12
OF,LAA,,Josh Hamilton,566,511,126,26,2,19,65,70,45,152,5,4,2,0.247,0.311,0.415,0.317,2,1875,1.1,1.3,1.3,-0.2,0.0,3.6,15%,100%,,$14,$11
,,,Yonder Alonso,548,492,131,27,1,14,57,61,47,76,3,7,4,0.265,0.331,0.410,0.326,2,2530,0.8,0.7,1.0,0.2,0.9,3.5,,100%,,$14,$11
,,,Everth Cabrera,544,490,123,23,3,5,58,38,42,107,3,30,12,0.250,0.311,0.335,0.29,1,8155,0.8,-0.4,0.1,2.9,0.2,3.5,,100%,,$14,$11
,,,Aaron Hill,636,581,147,31,3,16,67,64,41,99,6,6,3,0.252,0.306,0.398,0.311,1,6104,1.1,0.9,1.1,0.1,0.3,3.5,,100%,,$14,$11
,,,DJ LeMahieu,549,507,142,23,5,5,57,48,31,89,3,15,9,0.279,0.322,0.371,0.305,1,9874,0.8,-0.4,0.5,1.1,1.6,3.5,,100%,,$14,$11
1B,KCR,,Kendrys Morales,534,486,128,26,1,17,60,67,39,94,4,1,1,0.264,0.321,0.424,0.328,1,8610,0.9,1.1,1.2,-0.5,0.8,3.5,-27%,100%,,$14,$11
,,,Wil Myers,555,492,121,24,1,18,60,62,54,125,3,8,4,0.247,0.323,0.412,0.323,2,10047,0.9,1.2,1.0,0.3,0.0,3.4,,100%,,$14,$11
,,,A.J. Pollock,540,494,129,27,5,9,57,50,34,84,4,16,7,0.262,0.312,0.395,0.313,2,9256,0.8,0.1,0.6,1.2,0.7,3.4,,100%,,$13,$11
OF,HOU,,Colby Rasmus,576,516,120,25,2,23,67,69,48,166,4,4,2,0.232,0.300,0.422,0.318,2,9893,1.1,1.8,1.3,-0.2,-0.7,3.4,9%,100%,,$13,$11
SS,BAL,,J.J. Hardy,624,578,146,28,1,17,67,66,35,97,3,2,1,0.253,0.298,0.392,0.30,3,3797,1.1,1.1,1.2,-0.4,0.3,3.3,10%,100%,,$13,$11
,,,Howie Kendrick,549,505,139,28,3,9,55,57,34,93,4,8,4,0.275,0.323,0.397,0.316,2,4229,0.7,0.1,0.8,0.3,1.4,3.3,,100%,,$13,$10
,,,Kolten Wong,489,449,116,19,3,10,50,50,29,67,4,17,8,0.257,0.305,0.383,0.304,2,12532,0.5,0.2,0.6,1.4,0.5,3.1,,100%,,$12,$10
,,,Dexter Fowler,586,497,125,26,4,10,72,47,76,129,4,13,7,0.252,0.353,0.379,0.3,2,4062,1.3,0.2,0.4,0.9,0.3,3.1,,100%,,$12,$10
OF,SEA,,Dustin Ackley,588,527,133,27,3,13,66,58,50,97,3,8,4,0.252,0.318,0.387,0.312,2,10099,1.1,0.6,0.9,0.3,0.3,3.1,0%,100%,,$12,$10
2B,OAK,,Marcus Semien,566,499,119,24,3,16,65,62,54,107,5,9,5,0.239,0.316,0.396,0.317,2,12533,1.1,0.9,1.0,0.4,-0.4,3.1,-26%,100%,,$12,$10
,,,Chase Utley,576,513,132,26,4,13,62,58,48,80,9,7,3,0.257,0.329,0.402,0.321,2.9,1679,1.0,0.6,0.9,0.2,0.5,3.1,,100%,,$12,$10
1B,TBR,,James Loney,597,545,148,29,1,11,60,61,42,77,3,3,2,0.271,0.325,0.386,0.31,2,4556,0.9,0.3,1.0,-0.3,1.2,3.1,-36%,100%,,$12,$10
OF,NYY,,Carlos Beltran,466,419,109,22,1,17,57,58,39,86,3,3,2,0.260,0.324,0.438,0.334,1,589,0.8,1.1,0.9,-0.3,0.7,3.1,-1%,100%,,$12,$10
2B,TBR,,Asdrubal Cabrera,610,549,134,28,3,14,66,63,48,111,7,8,4,0.244,0.309,0.383,0.307,2,4962,1.1,0.7,1.1,0.3,-0.1,3.0,-27%,100%,,$12,$10
SS,BOS,MG,Xander Bogaerts,525,472,121,25,1,14,61,61,40,108,5,5,3,0.256,0.319,0.406,0.321,2,12161,0.9,0.7,1.0,-0.0,0.5,3.0,-0%,100%,,$12,$10
,,,Nick Markakis,639,572,152,28,1,11,67,58,55,80,4,3,2,0.266,0.333,0.379,0.32,1,5930,1.1,0.3,0.9,-0.3,0.9,3.0,,100%,,$12,$10
OF,OAK,,Josh Reddick,512,459,113,22,5,17,59,64,45,93,3,5,3,0.247,0.315,0.429,0.327,3,3892,0.8,1.1,1.1,-0.0,0.0,3.0,-4%,100%,,$12,$10
OF,CLE,,Michael Bourn,602,543,137,23,7,5,69,43,46,139,4,19,8,0.253,0.313,0.349,0.296,2,6387,1.2,-0.4,0.3,1.6,0.3,3.0,-4%,100%,,$12,$10
3B,DET,,Nick Castellanos,531,487,129,26,3,13,59,58,34,106,3,4,2,0.264,0.314,0.408,0.318,1,11737,0.8,0.6,0.9,-0.2,0.8,3.0,-34%,100%,,$12,$9
C,KCR,,Salvador Perez,474,445,122,23,2,14,51,57,21,59,3,1,1,0.274,0.309,0.425,0.321,4,7304,0.5,0.7,0.8,-0.5,1.3,2.9,,100%,,$11,$9
OF,TOR,,Kevin Pillar,420,393,104,23,2,8,47,46,17,67,4,15,7,0.266,0.301,0.398,0.308,1,12434,0.4,-0.1,0.4,1.1,0.9,2.8,-9%,100%,,$11,$9
,,,Jedd Gyorko,572,518,125,24,1,19,58,65,43,121,4,4,2,0.240,0.302,0.400,0.311,2,10816,0.8,1.3,1.1,-0.2,-0.3,2.8,,100%,,$11,$9
3B,KCR,,Mike Moustakas,538,489,121,28,1,17,58,63,37,86,5,3,2,0.248,0.305,0.415,0.317,3,4892,0.8,1.1,1.1,-0.3,0.1,2.7,-40%,100%,,$11,$9
OF,HOU,,Jake Marisnick,545,504,118,22,3,12,53,53,25,116,9,19,9,0.234,0.280,0.360,0.283,1,11339,0.6,0.4,0.7,1.6,-0.6,2.7,-12%,100%,,$11,$9
,,,Yadier Molina,443,405,115,24,0,10,47,51,29,52,4,3,2,0.284,0.335,0.418,0.331,4,7007,0.4,0.2,0.6,-0.3,1.8,2.7,,100%,,$11,$9
UTIL,MIN,,Kennys Vargas,498,450,113,21,1,18,58,60,36,106,4,2,1,0.250,0.310,0.427,0.323,1,12101,0.8,1.2,0.9,-0.4,0.2,2.7,,100%,,$11,$9
,,,Andrelton Simmons,634,583,148,26,4,12,61,56,39,61,3,7,5,0.254,0.302,0.373,0.299,4,10847,0.9,0.4,0.8,0.2,0.4,2.7,,100%,,$11,$9
,,,Scooter Gennett,527,492,133,25,3,9,51,52,25,77,3,8,5,0.270,0.307,0.388,0.305,1,10339,0.5,0.1,0.6,0.3,1.1,2.7,,100%,,$11,$9
,,,Jhonny Peralta,563,504,129,29,1,14,56,62,48,107,4,3,2,0.256,0.323,0.402,0.32,3,1738,0.7,0.7,1.0,-0.3,0.5,2.6,,100%,,$10,$8
,,,Wilson Ramos,425,391,105,18,1,16,46,54,27,63,2,1,1,0.269,0.316,0.438,0.330,3,1433,0.4,0.9,0.7,-0.5,1.1,2.6,,100%,,$10,$8
,,,Domonic Brown,476,431,110,21,2,16,49,56,37,83,2,5,3,0.255,0.315,0.424,0.324,0,3154,0.5,0.9,0.8,-0.0,0.4,2.6,,100%,,$10,$8
OF,BOS,,Shane Victorino,401,364,97,21,2,9,52,44,26,61,6,10,4,0.266,0.323,0.412,0.326,1.9,1677,0.6,0.1,0.3,0.5,0.9,2.5,-21%,100%,,$10,$8
C,TOR,,Russell Martin,498,426,103,20,1,16,60,57,57,100,9,6,3,0.241,0.341,0.405,0.333,4,4616,0.9,0.9,0.8,0.1,-0.3,2.5,,100%,,$10,$8
SS,HOU,,Jed Lowrie,572,512,132,30,2,12,64,59,49,86,4,1,1,0.258,0.326,0.397,0.320,2,4418,1.0,0.4,0.9,-0.5,0.6,2.4,-20%,100%,,$10,$8
3B,LAA,,David Freese,538,481,125,23,1,12,57,57,44,122,6,3,2,0.260,0.328,0.389,0.320,2,9549,0.8,0.4,0.8,-0.3,0.7,2.4,-47%,100%,,$10,$8
,,,Marlon Byrd,549,506,124,23,2,17,54,62,30,153,7,3,2,0.245,0.294,0.400,0.304,0,950,0.7,1.1,1.0,-0.3,-0.1,2.4,,100%,,$9,$8
C,CLE,SG,Yan Gomes,452,416,107,22,2,16,51,56,26,100,5,2,1,0.257,0.305,0.435,0.32,4,9627,0.5,0.9,0.8,-0.4,0.5,2.4,,100%,,$9,$8
1B,NYY,,Mark Teixeira,530,462,103,19,1,22,62,67,57,113,6,2,1,0.223,0.314,0.414,0.323,1,1281,1.0,1.7,1.2,-0.4,-1.1,2.3,-52%,100%,,$9,$7
,,,Ike Davis,511,433,104,23,1,17,61,61,71,109,2,3,2,0.239,0.346,0.415,0.338,2.0,8433,0.9,1.1,1.0,-0.3,-0.4,2.3,,100%,,$9,$7
SS,MIN,,Danny Santana,464,434,113,21,5,6,46,44,20,89,4,16,9,0.261,0.298,0.369,0.295,1,10322,0.4,-0.3,0.3,1.2,0.7,2.3,-23%,100%,,$9,$7
2B,KCR,,Omar Infante,504,469,128,22,3,7,51,48,26,59,2,7,4,0.273,0.311,0.376,0.304,1,1609,0.5,-0.2,0.5,0.2,1.3,2.3,-45%,100%,,$9,$7
,,,Travis d'Arnaud,490,442,111,24,2,17,51,58,38,78,3,2,1,0.251,0.313,0.428,0.325,3,7739,0.5,1.1,0.9,-0.4,0.2,2.3,,100%,,$9,$7
2B,CWS,,Emilio Bonifacio,470,426,104,18,3,4,49,36,36,95,2,26,10,0.245,0.304,0.327,0.284,0.5,4054,0.5,-0.6,0.0,2.4,-0.1,2.3,-46%,100%,,$9,$7
,,,Brandon Phillips,537,496,129,25,1,12,53,55,29,80,6,4,2,0.259,0.306,0.385,0.305,2,791,0.6,0.4,0.8,-0.2,0.6,2.3,,100%,,$9,$7
3B,MIN,,Trevor Plouffe,508,455,113,25,1,16,56,58,42,100,5,2,2,0.248,0.316,0.412,0.322,1.4,7462,0.7,0.9,0.9,-0.4,0.1,2.2,-51%,100%,,$9,$7
,,,Wilin Rosario,304,284,79,16,1,14,37,45,16,59,1,2,1,0.278,0.316,0.488,0.349,1.1,8002,0.0,0.7,0.4,-0.4,1.5,2.2,,100%,,$9,$7
,,,Khris Davis,412,369,91,20,1,17,48,53,31,90,7,5,3,0.247,0.314,0.449,0.336,1,9112,0.4,1.1,0.7,-0.0,0.0,2.1,,100%,,$9,$7
,,,Kevin Kiermaier,512,466,116,20,7,9,53,50,34,91,5,12,7,0.248,0.303,0.377,0.301,2,11038,0.6,0.1,0.6,0.8,0.1,2.1,,100%,,$8,$7
,,,Jordy Mercer,554,505,129,28,2,11,55,54,36,91,5,5,3,0.255,0.308,0.383,0.30,2,6547,0.7,0.3,0.7,-0.0,0.4,2.1,,100%,,$8,$7
,,,Wilmer Flores,522,486,121,23,2,15,51,58,26,71,3,3,2,0.248,0.288,0.396,0.301,1.8,5827,0.5,0.8,0.9,-0.3,0.1,2.0,,100%,,$8,$6
,,,Yunel Escobar,528,474,128,22,1,7,54,49,43,62,4,4,2,0.271,0.333,0.367,0.3,2,4191,0.7,-0.2,0.5,-0.2,1.2,2.0,,100%,,$8,$6
,,,David Peralta,439,409,111,19,6,10,44,46,22,68,3,5,3,0.270,0.309,0.417,0.3,1,2136,0.3,0.2,0.4,-0.0,1.1,1.97,,100%,,$8,$6
,,,Curtis Granderson,532,461,103,20,2,19,61,56,59,129,4,6,3,0.222,0.314,0.398,0.318,1,4747,0.9,1.3,0.8,0.1,-1.2,1.9,,100%,,$8,$6
,,,B.J. Upton,555,493,106,22,3,15,55,52,53,164,3,16,7,0.215,0.292,0.360,0.291,1,5015,0.7,0.8,0.6,1.2,-1.5,1.9,,100%,,$7,$6
SS,CLE,,Jose Ramirez,440,407,103,18,3,5,43,39,26,50,2,19,11,0.252,0.297,0.344,0.285,2,13510,0.2,-0.4,0.1,1.6,0.3,1.8,-40%,100%,,$7,$6
,,,Devin Mesoraco,418,371,91,19,1,18,45,51,36,86,5,3,2,0.246,0.318,0.442,0.332,3,5666,0.3,1.2,0.6,-0.3,-0.0,1.8,,100%,,$7,$6
,,,Juan Lagares,570,529,132,26,3,7,50,49,28,114,5,12,6,0.249,0.291,0.352,0.285,3,5384,0.5,-0.2,0.5,0.8,0.1,1.7,,100%,,$7,$6
2B,TBR,,Nick Franklin,524,465,109,21,2,12,58,50,50,111,3,9,5,0.235,0.310,0.367,0.303,2,10166,0.8,0.4,0.6,0.4,-0.6,1.7,-60%,100%,,$7,$5
SS,LAA,,Josh Rutledge,538,494,119,23,4,9,57,50,30,115,7,10,5,0.241,0.291,0.358,0.289,1,11167,0.8,0.1,0.6,0.5,-0.3,1.7,-45%,100%,,$7,$5
OF,LAA,,Matt Joyce,489,423,102,22,2,13,57,52,56,105,4,5,3,0.241,0.333,0.395,0.32,1,3353,0.8,0.6,0.6,-0.0,-0.3,1.7,-47%,100%,,$7,$5
OF,TOR,,Dalton Pompey,431,390,92,16,5,7,46,41,32,93,3,21,10,0.235,0.295,0.354,0.290,0,12797,0.4,-0.2,0.2,1.8,-0.6,1.7,-47%,100%,,$7,$5
,,,Cody Asche,455,414,105,23,1,14,44,50,32,95,3,3,2,0.254,0.311,0.413,0.318,1,11997,0.3,0.7,0.6,-0.3,0.4,1.6,,100%,,$6,$5
,,,Maikel Franco,482,451,110,22,2,16,47,53,21,73,3,3,2,0.243,0.279,0.404,0.300,1,12179,0.4,0.9,0.7,-0.3,-0.2,1.6,,100%,,$6,$5
,,,Chris Coghlan,501,444,111,24,3,8,54,44,46,93,4,9,5,0.250,0.323,0.373,0.310,0,6878,0.7,-0.1,0.3,0.4,0.2,1.5,,100%,,$6,$5
OF,KCR,,Jarrod Dyson,327,295,73,11,4,2,35,26,25,60,2,29,9,0.246,0.308,0.330,0.287,1,4866,-0.1,-0.8,-0.4,2.8,-0.0,1.5,-51%,100%,,$6,$5
3B,CLE,,Lonnie Chisenhall,387,351,92,19,1,12,44,46,26,72,4,2,1,0.262,0.318,0.426,0.327,2,7571,0.3,0.4,0.4,-0.4,0.7,1.5,-67%,100%,,$6,$5
,,,Jon Jay,422,376,104,19,2,5,45,36,30,71,10,6,3,0.277,0.344,0.379,0.32,2,5227,0.3,-0.4,0.0,0.1,1.5,1.5,,100%,,$6,$5
OF,BAL,,Travis Snider,101,90,23,5,0,4,13,12,9,22,1,1,1,0.260,0.331,0.442,0.339,0,2830,0.3,0.6,0.2,-0.2,0.7,1.5,-53%,333%,,$6,$5
SS,SEA,,Brad Miller,443,399,99,18,3,11,53,41,35,84,2,7,4,0.248,0.310,0.389,0.310,2,12775,0.6,0.3,0.2,0.2,0.1,1.4,-53%,100%,,$6,$5
1B,TOR,,Justin Smoak,441,387,93,19,1,16,52,54,47,95,3,1,1,0.240,0.323,0.416,0.327,1,9054,0.6,0.9,0.7,-0.5,-0.3,1.4,-71%,100%,,$6,$5
SS,DET,,Jose Iglesias,474,436,112,18,2,5,47,42,24,63,7,11,5,0.257,0.304,0.341,0.3,1,10231,0.4,-0.4,0.3,0.7,0.5,1.4,-54%,100%,,$5,$4
OF,BAL,,David Lough,410,378,96,17,3,8,43,39,21,66,4,11,6,0.254,0.299,0.375,0.298,1,7215,0.2,-0.1,0.1,0.7,0.4,1.3,-57%,100%,,$5,$4
1B,TEX,,Mitch Moreland,422,380,93,19,1,15,48,51,33,94,3,2,1,0.244,0.308,0.416,0.318,0,3086,0.4,0.8,0.6,-0.4,-0.1,1.3,-72%,100%,,$5,$4
UTIL,TBR,,David DeJesus,545,479,114,25,3,10,61,46,51,95,7,7,4,0.238,0.319,0.363,0.306,1,1825,0.9,0.2,0.4,0.2,-0.4,1.3,,100%,,$5,$4
1B,OAK,,Stephen Vogt,418,381,99,19,3,10,46,46,28,59,2,2,1,0.260,0.312,0.402,0.314,3,5000,0.4,0.2,0.4,-0.4,0.7,1.2,-75%,100%,,$5,$4
2B,BAL,,Jonathan Schoop,527,486,110,19,1,16,54,55,26,111,7,4,2,0.226,0.273,0.366,0.284,1,11265,0.7,0.9,0.8,-0.2,-1.0,1.2,-71%,100%,,$5,$4
3B,CWS,,Conor Gillaspie,467,420,106,20,3,11,48,49,38,73,3,2,2,0.252,0.316,0.388,0.311,1,9009,0.4,0.3,0.5,-0.4,0.3,1.1,-75%,100%,,$5,$4
OF,NYY,,Chris Young,433,382,87,21,1,14,49,47,42,93,4,9,4,0.228,0.308,0.397,0.312,1,3882,0.5,0.7,0.4,0.4,-0.9,1.1,-63%,100%,,$5,$4
C,BAL,,Matt Wieters,476,428,105,21,1,17,54,56,40,85,2,3,2,0.246,0.311,0.418,0.321,3,4298,0.3,0.7,0.4,-0.3,-0.0,1.1,,83%,,$4,$4
OF,DET,,Anthony Gose,395,355,84,13,4,6,42,35,30,93,4,20,10,0.236,0.301,0.343,0.289,1,5097,0.2,-0.3,-0.0,1.7,-0.5,1.1,-65%,100%,,$4,$3
OF,SEA,,Seth Smith,445,389,97,23,2,11,51,48,47,87,4,2,1,0.249,0.334,0.405,0.327,1,7331,0.5,0.3,0.5,-0.4,0.1,1.1,-66%,100%,,$4,$3
,,,Juan Uribe,460,426,108,21,1,11,44,49,25,89,3,2,1,0.253,0.297,0.385,0.300,2,454,0.3,0.3,0.5,-0.4,0.3,1.0,,100%,,$4,$3
,,,Casey McGehee,543,485,122,24,1,8,50,51,49,88,3,3,2,0.252,0.321,0.354,0.302,1,6086,0.5,-0.1,0.6,-0.3,0.3,1.0,,100%,,$4,$3
,,,Chris Johnson,434,405,107,22,1,9,39,45,22,105,3,2,1,0.265,0.305,0.390,0.305,0.2,1191,0.1,0.1,0.4,-0.4,0.9,1.0,,100%,,$4,$3
1B,BOS,,Allen Craig,295,268,74,16,1,8,36,39,21,61,3,1,1,0.277,0.336,0.438,0.341,1,3433,-0.0,-0.1,0.1,-0.5,1.5,1.0,-79%,100%,,$4,$3
,,,Ender Inciarte,434,402,102,18,2,4,38,36,24,53,2,15,8,0.254,0.298,0.343,0.286,1,4922,0.1,-0.6,0.0,1.1,0.4,1.0,,100%,,$4,$3
,,,Jacob Lamb,439,397,99,22,2,12,44,45,34,109,3,3,2,0.250,0.311,0.404,0.315,1,13329,0.3,0.4,0.4,-0.3,0.2,1.0,,100%,,$4,$3
,,,Zoilo Almonte,430,397,95,17,1,13,42,46,25,99,3,6,3,0.240,0.288,0.387,0.298,0.1,6732,0.2,0.6,0.4,0.1,-0.3,0.9,,100%,,$4,$3
C,SEA,,Mike Zunino,452,413,91,18,2,19,49,55,24,125,9,3,2,0.219,0.275,0.407,0.300,3,13265,0.5,1.3,0.8,-0.3,-1.3,0.9,,100%,,$4,$3
,,,Adeiny Hechavarria,603,561,139,22,7,4,50,48,31,95,2,9,6,0.248,0.288,0.335,0.276,0,10459,0.5,-0.6,0.5,0.4,0.1,0.9,,100%,,$4,$3
2B,TEX,,Rougned Odor,365,340,86,15,4,8,39,40,16,60,4,9,5,0.252,0.292,0.391,0.301,1,12282,0.1,-0.1,0.2,0.4,0.3,0.9,-78%,100%,,$4,$3
1B,NYY,,Garrett Jones,344,311,78,17,1,14,41,45,27,78,1,1,1,0.250,0.311,0.448,0.332,1,2714,0.2,0.7,0.4,-0.5,0.2,0.9,-82%,100%,,$4,$3
1B,CLE,,Nick Swisher,481,420,98,22,1,14,54,51,52,119,3,1,1,0.234,0.321,0.386,0.316,1,4599,0.7,0.7,0.6,-0.5,-0.6,0.8,-83%,100%,,$3,$3
,,,Yasmani Grandal,440,379,91,19,1,13,47,49,52,98,3,2,1,0.241,0.335,0.400,0.328,2,11368,0.4,0.6,0.5,-0.4,-0.3,0.8,,100%,,$3,$3
OF,OAK,,Craig Gentry,355,317,81,14,2,2,36,30,26,62,6,18,7,0.254,0.320,0.333,0.294,1.4,9571,-0.0,-0.8,-0.2,1.5,0.4,0.8,-74%,100%,,$3,$3
OF,OAK,,Sam Fuld,469,415,96,18,4,5,48,39,45,75,2,17,8,0.232,0.308,0.330,0.29,1,8254,0.4,-0.4,0.1,1.4,-0.7,0.8,-74%,100%,,$3,$3
,,,Joe Panik,575,524,134,22,4,5,49,47,39,61,3,4,3,0.255,0.309,0.338,0.29,1,11936,0.5,-0.4,0.4,-0.2,0.4,0.7,,100%,,$3,$2
,,,Brandon Crawford,598,532,125,23,6,9,53,53,54,122,4,5,3,0.234,0.307,0.350,0.290,2.3,5343,0.6,0.1,0.7,-0.0,-0.6,0.7,,100%,,$3,$2
,,,Carlos Ruiz,432,382,99,22,1,8,40,42,35,58,9,3,2,0.260,0.335,0.384,0.320,3,2579,0.1,-0.1,0.3,-0.3,0.7,0.7,,100%,,$3,$2
,,,Alberto Callaspo,545,483,121,22,1,8,48,48,53,62,2,2,1,0.250,0.324,0.350,0.303,1,3336,0.4,-0.1,0.5,-0.4,0.2,0.6,,100%,,$2,$2
,,,Ryan Howard,454,401,90,17,1,17,46,53,44,136,5,1,0,0.224,0.306,0.398,0.31,-1,2154,0.4,1.1,0.7,-0.5,-1.1,0.5,,100%,,$2,$2
,,,Chris Owings,390,367,92,17,4,7,35,38,15,72,2,8,4,0.251,0.283,0.378,0.291,1,10030,-0.1,-0.2,0.1,0.3,0.2,0.4,,100%,,$2,$1
C,TEX,,Robinson Chirinos,430,390,92,18,1,12,45,47,29,88,5,2,1,0.236,0.296,0.378,0.299,2,3142,0.3,0.4,0.4,-0.4,-0.5,0.3,,100%,,$1,$1
,,,Miguel Montero,413,359,89,18,1,9,42,43,45,84,6,2,1,0.249,0.339,0.379,0.319,2,3364,0.2,0.1,0.3,-0.4,0.1,0.3,,100%,,$1,$1
3B,NYY,,Alex Rodriguez,389,343,81,14,1,11,43,43,37,94,5,5,3,0.235,0.316,0.382,0.311,0,1274,0.2,0.3,0.3,-0.0,-0.6,0.3,-94%,100%,,$1,$1
,,,Justin Turner,365,329,87,19,1,5,37,34,27,61,4,4,2,0.264,0.325,0.379,0.313,1,5235,0.0,-0.4,-0.0,-0.2,0.8,0.2,,100%,,$1,$1
,,,Gerardo Parra,326,295,77,15,1,6,34,29,24,56,3,7,4,0.260,0.318,0.381,0.308,1,8553,-0.1,-0.3,-0.2,0.2,0.7,0.2,,100%,,$1,$1
OF,SEA,,Justin Ruggiano,351,316,75,15,1,10,38,38,27,92,3,7,4,0.239,0.303,0.386,0.306,1,7620,0.1,0.2,0.1,0.2,-0.4,0.2,-94%,100%,,$1,$1
,,,Ichiro Suzuki,345,323,86,12,2,2,32,26,16,50,2,10,4,0.266,0.303,0.340,0.28,-0,1101,-0.2,-0.8,-0.4,0.5,0.9,0.1,,100%,,$1,$0
OF,BAL,,Delmon Young,308,287,75,14,1,9,33,35,15,63,3,1,1,0.261,0.302,0.410,0.314,0,2140,-0.1,0.1,-0.0,-0.5,0.7,0.1,-96%,100%,,$0,$0
C,TBR,,John Jaso,400,347,85,18,2,8,45,39,43,70,5,3,2,0.246,0.334,0.382,0.322,2,5887,0.3,-0.1,0.1,-0.3,-0.0,0.1,,100%,,$0,$0
C,MIN,,Josmil Pinto,361,322,80,17,1,10,40,40,32,70,3,1,1,0.248,0.319,0.400,0.319,1,6806,0.1,0.2,0.2,-0.5,0.1,0.1,,100%,,$0,$0
OF,TBR,,Brandon Guyer,347,314,79,16,3,6,36,34,21,63,7,6,3,0.253,0.313,0.382,0.309,1,2636,-0.0,-0.3,-0.0,0.1,0.3,0.0,-100%,100%,,$0,$0
,,,Will Venable,307,279,68,13,2,8,34,30,22,70,2,9,4,0.244,0.302,0.393,0.306,1,211,-0.1,-0.1,-0.2,0.4,-0.1,-0.1,,100%,,-$0,-$0
,,,Christian Bethancourt,436,413,98,17,1,9,37,40,14,77,3,6,4,0.238,0.266,0.346,0.271,1,10028,0.0,0.1,0.2,0.1,-0.4,-0.1,,100%,,-$0,-$0
,,,Alexi Amarista,448,414,99,19,3,6,40,38,26,65,2,8,4,0.240,0.287,0.343,0.28,0.6,9063,0.1,-0.3,0.1,0.3,-0.3,-0.1,,100%,,-$0,-$0
,,,Derek Norris,399,346,81,16,1,11,40,40,45,82,3,4,2,0.235,0.325,0.386,0.3,2,6867,0.1,0.3,0.2,-0.2,-0.6,-0.1,,100%,,-$0,-$0
OF,CWS,,Michael Taylor,359,325,73,15,1,8,35,34,26,101,3,14,8,0.226,0.286,0.354,0.286,-0,11489,-0.1,-0.1,-0.0,1.0,-1.0,-0.1,-105%,100%,,-$1,-$0
,,,Peter Bourjos,380,344,81,15,4,7,38,36,26,94,5,9,4,0.236,0.297,0.366,0.295,2,2578,0.1,-0.2,0.0,0.4,-0.5,-0.2,,100%,,-$1,-$1
SS,SEA,,Chris Taylor,332,299,76,15,2,3,33,28,26,68,3,10,5,0.254,0.315,0.346,0.297,1,13757,-0.1,-0.7,-0.3,0.5,0.4,-0.2,-106%,100%,,-$1,-$1
,,,Zack Cozart,459,426,102,20,3,8,44,39,23,74,4,3,2,0.240,0.282,0.358,0.283,1.4,2616,0.3,-0.1,0.1,-0.3,-0.3,-0.2,,100%,,-$1,-$1
,,,Nick Hundley,272,250,65,14,1,8,28,32,17,64,2,2,1,0.260,0.310,0.420,0.320,1,3376,-0.3,-0.1,-0.1,-0.4,0.7,-0.2,,100%,,-$1,-$1
,,,Grady Sizemore,414,374,89,20,3,8,40,37,33,82,2,5,3,0.239,0.301,0.371,0.299,0,2197,0.1,-0.1,0.1,-0.0,-0.4,-0.3,,100%,,-$1,-$1
,,,Chris Denorfia,273,248,65,12,2,5,31,25,21,49,1,5,3,0.263,0.321,0.388,0.315,1,4400,-0.2,-0.4,-0.4,-0.0,0.8,-0.3,,100%,,-$1,-$1
C,MIN,,Kurt Suzuki,390,353,90,20,1,6,38,37,26,45,5,1,1,0.255,0.312,0.364,0.300,2,8259,0.1,-0.3,0.1,-0.5,0.4,-0.3,,100%,,-$1,-$1
,,,Darin Ruf,391,348,81,18,1,12,38,42,33,99,5,2,1,0.233,0.307,0.390,0.310,0,9929,0.1,0.4,0.3,-0.4,-0.7,-0.3,,100%,,-$1,-$1
,,,Jose Tabata,248,225,62,12,2,3,27,21,16,33,3,4,2,0.275,0.331,0.383,0.318,0,2411,-0.4,-0.7,-0.5,-0.2,1.4,-0.4,,100%,,-$1,-$1
,,,C.J. Cron,298,278,69,13,1,9,33,35,13,56,4,2,1,0.247,0.287,0.404,0.304,0,12546,-0.1,0.1,-0.0,-0.4,0.0,-0.4,,100%,,-$2,-$1
,,,Dioner Navarro,254,232,61,11,0,7,28,29,18,38,2,1,1,0.263,0.317,0.402,0.317,1,3179,-0.3,-0.2,-0.2,-0.5,0.8,-0.5,,100%,,-$2,-$1
,,,Jason Castro,408,365,84,18,1,11,42,43,35,109,4,1,1,0.230,0.301,0.376,0.301,2,8722,0.2,0.3,0.3,-0.5,-0.8,-0.5,,100%,,-$2,-$2
,,,Jordan Schafer,282,250,57,10,2,3,30,20,26,64,2,22,9,0.227,0.302,0.311,0.278,0,9883,-0.2,-0.7,-0.6,1.9,-0.9,-0.5,,100%,,-$2,-$2
,,,Brock Holt,244,221,60,11,2,2,27,22,17,41,2,5,3,0.271,0.325,0.361,0.306,1,9345,-0.4,-0.8,-0.5,-0.0,1.2,-0.5,,100%,,-$2,-$2
,,,Luis Valbuena,370,321,75,16,2,10,42,37,42,72,2,2,2,0.234,0.324,0.386,0.316,2,4969,0.2,0.2,0.1,-0.4,-0.6,-0.5,,100%,,-$2,-$2
C,BOS,,Christian Vazquez,370,333,83,18,0,5,39,35,30,60,2,3,2,0.248,0.313,0.352,0.297,1.7,9774,0.1,-0.4,-0.0,-0.3,0.1,-0.6,,100%,,-$2,-$2
,,,Alex Avila,391,334,77,17,1,10,43,40,50,113,2,2,1,0.230,0.331,0.374,0.317,2,7476,0.2,0.2,0.2,-0.4,-0.8,-0.6,,100%,,-$2,-$2
,,,Stephen Drew,432,383,85,19,2,11,45,43,41,104,2,3,2,0.221,0.297,0.364,0.294,1,4251,0.3,0.3,0.3,-0.3,-1.2,-0.6,,100%,,-$2,-$2
,,,Jarrod Saltalamacchia,426,376,83,20,1,13,41,44,43,128,2,2,1,0.220,0.301,0.377,0.301,1,5557,0.2,0.6,0.3,-0.4,-1.3,-0.6,,100%,,-$2,-$2
,,,Eric Sogard,318,286,71,14,1,3,32,27,25,40,2,9,4,0.249,0.313,0.336,0.292,1,7927,-0.2,-0.7,-0.3,0.4,0.1,-0.6,,100%,,-$2,-$2
,,,Chris Iannetta,416,348,78,16,0,10,46,40,58,101,5,3,2,0.224,0.339,0.358,0.315,2.7,8267,0.4,0.2,0.2,-0.3,-1.1,-0.6,,100%,,-$3,-$2
,,,Scott Van Slyke,294,257,61,13,1,10,32,34,31,74,3,4,2,0.237,0.323,0.407,0.3,1,4365,-0.2,0.2,-0.0,-0.2,-0.5,-0.6,,100%,,-$3,-$2
,,,Arismendy Alcantara,290,267,63,12,3,7,29,29,18,71,1,10,5,0.236,0.285,0.379,0.293,1,10711,-0.3,-0.2,-0.2,0.5,-0.5,-0.7,,100%,,-$3,-$2
2B,CWS,,Gordon Beckham,365,333,80,17,0,7,38,35,23,57,4,3,2,0.241,0.295,0.361,0.292,1,9015,0.1,-0.2,-0.0,-0.3,-0.3,-0.7,-116%,100%,,-$3,-$2
,,,Corey Hart,243,220,56,11,1,8,28,28,17,52,3,2,1,0.253,0.314,0.420,0.323,0,1945,-0.3,-0.1,-0.3,-0.4,0.3,-0.7,,100%,,-$3,-$2
,,,Cody Ross,291,264,67,14,1,7,29,31,22,57,2,2,1,0.252,0.312,0.395,0.313,0,1760,-0.3,-0.2,-0.2,-0.4,0.3,-0.8,,100%,,-$3,-$2
,,,Jurickson Profar,284,252,61,13,1,6,32,29,25,44,3,6,3,0.244,0.317,0.380,0.311,1,10815,-0.2,-0.3,-0.2,0.1,-0.1,-0.8,,100%,,-$3,-$2
,,,Mike Aviles,307,288,70,14,1,5,30,29,12,42,2,8,4,0.243,0.277,0.352,0.279,0,5986,-0.2,-0.4,-0.2,0.3,-0.2,-0.8,,100%,,-$3,-$3
OF,TOR,,Michael Saunders,476,418,103,23,4,14,58,54,50,111,2,10,5,0.248,0.328,0.420,0.330,2,9981,-0.3,-0.2,-0.3,-0.0,0.1,-0.8,-126%,49%,,-$3,-$3
,,,Michael McKenry,182,161,43,9,0,6,21,22,16,37,2,2,1,0.267,0.336,0.439,0.341,1,9628,-0.6,-0.3,-0.5,-0.4,1.0,-0.8,,100%,,-$3,-$3
,,,Joaquin Arias,408,383,97,19,2,3,33,35,16,54,3,3,2,0.252,0.285,0.334,0.273,-0.5,3817,-0.1,-0.7,-0.0,-0.3,0.3,-0.8,,100%,,-$3,-$3
,,,Cliff Pennington,352,314,77,15,3,4,32,29,29,64,3,7,3,0.245,0.312,0.346,0.295,1,3395,-0.2,-0.6,-0.2,0.2,-0.1,-0.9,,100%,,-$3,-$3
,,,David Murphy,251,226,58,12,1,6,27,27,20,36,2,2,1,0.257,0.320,0.393,0.315,1,6035,-0.4,-0.3,-0.3,-0.4,0.5,-0.9,,100%,,-$3,-$3
,,,Gregor Blanco,293,258,64,11,3,3,30,22,29,56,2,9,4,0.248,0.327,0.346,0.303,1,3123,-0.2,-0.7,-0.5,0.4,0.1,-0.9,,100%,,-$4,-$3
,,,Aaron Hicks,368,320,74,16,2,6,38,33,41,79,1,7,4,0.230,0.318,0.349,0.301,1,5297,0.1,-0.3,-0.1,0.2,-0.8,-1.0,,100%,,-$4,-$3
,,,Daniel Descalso,252,225,59,14,1,3,25,24,21,42,3,4,3,0.262,0.330,0.376,0.313,0,8392,-0.4,-0.7,-0.4,-0.2,0.7,-1.0,,100%,,-$4,-$3
,,,Freddy Galvis,426,395,89,18,3,9,36,39,22,78,2,4,2,0.226,0.269,0.353,0.275,0,6609,-0.0,0.1,0.1,-0.2,-1.0,-1.0,,100%,,-$4,-$3
,,,Ryan Doumit,332,304,72,15,1,9,33,37,23,72,3,1,1,0.237,0.293,0.383,0.298,0,2113,-0.1,0.1,0.1,-0.5,-0.5,-1.0,,100%,,-$4,-$3
,,,Rene Rivera,389,354,82,16,1,9,38,39,26,82,3,1,1,0.231,0.288,0.362,0.288,2,3648,0.1,0.1,0.1,-0.5,-0.8,-1.0,,100%,,-$4,-$3
,,,Francisco Cervelli,363,325,80,16,1,4,33,32,27,74,6,4,2,0.246,0.312,0.342,0.295,1.3,5275,-0.1,-0.6,-0.1,-0.2,-0.0,-1.0,,100%,,-$4,-$3
,,,Cesar Hernandez,327,300,74,12,3,2,30,22,21,59,1,9,5,0.249,0.299,0.328,0.281,0,10556,-0.2,-0.8,-0.5,0.4,0.1,-1.0,,100%,,-$4,-$3
,,,Will Middlebrooks,360,332,73,13,1,12,33,39,21,92,3,3,2,0.221,0.271,0.376,0.29,1,7002,-0.1,0.4,0.1,-0.3,-1.2,-1.1,,100%,,-$4,-$3
,,,Tommy La Stella,237,210,57,11,1,2,23,20,22,25,2,2,1,0.271,0.341,0.365,0.317,1,12371,-0.5,-0.8,-0.6,-0.4,1.2,-1.1,,100%,,-$4,-$4
,,,Didi Gregorius,334,301,73,12,2,6,34,32,24,48,3,2,2,0.241,0.302,0.357,0.292,1,6012,-0.1,-0.3,-0.1,-0.4,-0.3,-1.2,,100%,,-$5,-$4
,,,Ryan Rua,265,243,59,11,1,7,29,29,17,54,3,3,2,0.242,0.295,0.383,0.301,0.0,12409,-0.3,-0.2,-0.2,-0.3,-0.2,-1.2,,100%,,-$5,-$4
,,,Christian Colon,239,219,56,9,1,4,23,22,14,23,2,5,3,0.255,0.304,0.350,0.293,0,11145,-0.5,-0.6,-0.5,-0.0,0.4,-1.2,,100%,,-$5,-$4
,,,Matt Dominguez,329,303,70,13,0,10,33,36,18,58,3,1,1,0.230,0.278,0.378,0.29,0,4903,-0.1,0.2,0.0,-0.5,-0.8,-1.2,,100%,,-$5,-$4
,,,Rafael Furcal,256,232,59,11,2,3,28,19,18,35,2,6,3,0.253,0.309,0.353,0.297,1,88,-0.3,-0.7,-0.6,0.1,0.3,-1.2,,100%,,-$5,-$4
,,,Jason Kubel,373,330,73,14,1,10,37,38,36,112,2,2,1,0.221,0.300,0.363,0.294,-1,2161,0.0,0.2,0.1,-0.4,-1.2,-1.3,,100%,,-$5,-$4
,,,Brayan Pena,291,271,68,13,1,5,24,27,14,36,1,3,2,0.250,0.289,0.355,0.285,0,3231,-0.5,-0.4,-0.3,-0.3,0.2,-1.3,,100%,,-$5,-$4
,,,Nate Schierholtz,224,206,50,10,2,7,25,27,14,46,2,3,2,0.241,0.292,0.405,0.306,0,6201,-0.4,-0.2,-0.3,-0.3,-0.3,-1.5,,100%,,-$6,-$5
,,,Eduardo Nunez,185,172,44,8,2,2,19,18,9,28,1,6,3,0.258,0.299,0.368,0.295,0,6848,-0.7,-0.8,-0.7,0.1,0.6,-1.5,,100%,,-$6,-$5
,,,Jonny Gomes,353,305,68,12,1,10,35,34,38,99,5,1,1,0.224,0.319,0.365,0.307,-0,1845,-0.1,0.2,-0.0,-0.5,-1.1,-1.5,,100%,,-$6,-$5
,,,Andre Ethier,184,163,43,9,1,4,20,20,17,35,2,1,1,0.261,0.335,0.400,0.324,0,6265,-0.6,-0.6,-0.6,-0.5,0.7,-1.6,,100%,,-$6,-$5
,,,Ryan Ludwick,240,216,52,11,0,7,26,27,19,53,2,1,1,0.243,0.308,0.388,0.309,-0,1260,-0.4,-0.2,-0.3,-0.5,-0.2,-1.6,,100%,,-$6,-$5
,,,Kyle Blanks,169,151,38,8,0,6,20,21,14,41,2,1,1,0.254,0.325,0.437,0.336,0,49,-0.6,-0.3,-0.5,-0.5,0.4,-1.6,,100%,,-$6,-$5
,,,Kevin Frandsen,174,162,44,8,1,2,17,16,6,19,3,1,1,0.270,0.309,0.357,0.297,0,7528,-0.7,-0.8,-0.7,-0.5,1.1,-1.6,,100%,,-$7,-$5
,,,Mark Canha,237,211,52,10,1,6,26,25,19,50,3,1,1,0.245,0.314,0.385,0.312,0,sa526811,-0.4,-0.3,-0.4,-0.5,-0.1,-1.7,,100%,,-$7,-$5
,,,Yangervis Solarte,270,244,61,11,1,5,25,24,21,32,2,1,1,0.249,0.310,0.357,0.298,1,5352,-0.4,-0.4,-0.4,-0.5,0.1,-1.7,,100%,,-$7,-$5
,,,Randal Grichuk,245,229,53,11,1,8,25,27,11,50,2,3,2,0.233,0.274,0.394,0.294,0,10243,-0.4,-0.1,-0.3,-0.3,-0.7,-1.7,,100%,,-$7,-$6
,,,Francisco Lindor,262,240,56,9,1,3,26,24,17,43,2,9,6,0.232,0.285,0.325,0.273,1,sa597754,-0.4,-0.7,-0.4,0.4,-0.7,-1.8,,100%,,-$7,-$6
,,,Grant Green,173,161,41,8,1,3,18,17,9,31,1,3,2,0.258,0.298,0.373,0.297,0,10053,-0.7,-0.7,-0.7,-0.3,0.6,-1.8,,100%,,-$7,-$6
,,,Johnny Giavotella,166,150,39,8,0,2,17,15,12,19,1,3,2,0.262,0.318,0.361,0.302,1,6740,-0.7,-0.8,-0.8,-0.3,0.7,-1.8,,100%,,-$7,-$6
,,,Maicer Izturis,203,185,47,10,1,2,21,18,14,24,1,3,2,0.256,0.309,0.353,0.296,0,2437,-0.6,-0.8,-0.7,-0.3,0.5,-1.9,,100%,,-$7,-$6
,,,Scott Hairston,266,245,55,11,1,9,27,31,15,69,2,3,2,0.223,0.273,0.391,0.293,-0,1926,-0.4,0.1,-0.2,-0.3,-1.1,-1.9,,100%,,-$7,-$6
,,,Eduardo Escobar,231,213,54,12,1,3,23,21,13,45,1,2,1,0.251,0.297,0.356,0.290,1,6153,-0.5,-0.7,-0.5,-0.4,0.2,-1.9,,100%,,-$8,-$6
,,,Lyle Overbay,332,295,67,15,1,6,31,32,31,74,2,2,1,0.228,0.303,0.350,0.292,-1,1617,-0.2,-0.3,-0.1,-0.4,-0.9,-1.9,,100%,,-$8,-$6
,,,Rob Refsnyder,164,147,37,8,1,3,18,17,13,29,1,3,2,0.255,0.321,0.385,0.315,0.6,sa621680,-0.7,-0.7,-0.7,-0.3,0.4,-1.9,,100%,,-$8,-$6
2B,CWS,,Carlos Sanchez,232,214,53,9,1,2,21,19,13,40,2,5,3,0.248,0.295,0.328,0.279,0,11602,-0.6,-0.8,-0.6,-0.0,0.1,-2.0,-148%,100%,,-$8,-$6
,,,Donald Lutz,293,270,59,11,1,9,27,30,16,81,3,4,2,0.219,0.268,0.366,0.279,-1,10154,-0.4,0.1,-0.2,-0.2,-1.3,-2.0,,100%,,-$8,-$6
,,,Daniel Nava,132,116,31,7,0,2,16,13,12,26,3,1,1,0.265,0.346,0.388,0.329,0,5450,-0.8,-0.8,-0.8,-0.5,0.9,-2.0,,100%,,-$8,-$7
,,,Logan Forsythe,274,245,57,11,1,5,28,24,23,55,3,3,2,0.233,0.304,0.347,0.29,1,7185,-0.3,-0.4,-0.4,-0.3,-0.7,-2.1,,100%,,-$8,-$7
,,,Andrew Lambo,144,132,33,7,0,5,16,18,10,32,1,2,1,0.249,0.303,0.429,0.319,0,5386,-0.8,-0.4,-0.7,-0.4,0.1,-2.1,,100%,,-$8,-$7
,,,Hernan Perez,165,155,39,7,1,2,16,16,7,19,1,5,2,0.251,0.285,0.347,0.280,0,5751,-0.8,-0.8,-0.7,-0.0,0.2,-2.1,,100%,,-$9,-$7
,,,Jace Peterson,270,243,56,10,2,2,22,20,22,46,2,10,5,0.230,0.297,0.314,0.276,0,12325,-0.5,-0.8,-0.6,0.5,-0.8,-2.2,,100%,,-$9,-$7
,,,Jimmy Paredes,168,158,39,8,1,3,17,16,7,39,1,5,3,0.246,0.280,0.362,0.283,0,5481,-0.7,-0.7,-0.7,-0.0,-0.0,-2.2,,100%,,-$9,-$7
,,,Ryan Goins,334,312,72,15,2,3,31,28,16,64,1,3,2,0.230,0.269,0.316,0.261,-0,9807,-0.2,-0.7,-0.3,-0.3,-0.8,-2.2,,100%,,-$9,-$7
2B,CWS,,Micah Johnson,131,120,30,5,1,2,14,12,8,22,1,6,3,0.251,0.299,0.352,0.290,0,sa621496,-0.8,-0.8,-0.9,0.1,0.2,-2.2,-154%,100%,,-$9,-$7
C,BOS,,Ryan Hanigan,190,165,41,8,0,3,20,18,20,26,2,1,1,0.251,0.337,0.349,0.306,1,4952,-0.6,-0.7,-0.7,-0.5,0.2,-2.3,,100%,,-$9,-$7
,,,Jon Singleton,265,226,48,9,1,10,31,29,34,76,1,2,1,0.213,0.317,0.389,0.315,0,10441,-0.2,0.2,-0.2,-0.4,-1.6,-2.3,,100%,,-$9,-$7
,,,Andrew Romine,233,212,50,7,1,2,22,19,16,44,2,7,3,0.236,0.291,0.304,0.269,0.2,1159,-0.5,-0.8,-0.6,0.2,-0.5,-2.3,,100%,,-$9,-$7
,,,Luis Jimenez,193,181,43,10,1,5,18,21,8,33,2,4,2,0.237,0.273,0.381,0.287,0,6341,-0.7,-0.4,-0.5,-0.2,-0.5,-2.3,,100%,,-$9,-$7
C,BAL,,Steve Clevenger,76,69,17,4,0,1,8,7,6,12,0,0,0,0.252,0.310,0.364,0.300,0,9542,-0.6,-0.7,-0.6,-0.6,0.3,-2.3,,263%,,-$9,-$7
,,,Michael Choice,182,162,39,7,1,5,20,20,15,41,2,1,1,0.243,0.314,0.390,0.314,0,11376,-0.6,-0.4,-0.6,-0.5,-0.2,-2.3,,100%,,-$9,-$7
,,,Eric Campbell,249,219,52,10,0,4,23,21,23,48,3,3,2,0.236,0.315,0.344,0.298,0,6938,-0.5,-0.6,-0.5,-0.3,-0.5,-2.4,,100%,,-$10,-$8
,,,Odubel Herrera,249,230,55,9,2,2,20,20,14,45,1,6,3,0.237,0.282,0.313,0.267,-0,sa505987,-0.6,-0.8,-0.6,0.1,-0.5,-2.4,,100%,,-$10,-$8
,,,Reymond Fuentes,152,137,34,6,1,2,15,13,12,29,1,6,3,0.246,0.308,0.341,0.291,0,10329,-0.8,-0.8,-0.8,0.1,-0.0,-2.4,,100%,,-$10,-$8
,,,Ryan Sweeney,123,112,29,6,1,2,12,12,9,20,1,1,0,0.261,0.318,0.376,0.308,0,6352,-0.9,-0.8,-0.9,-0.5,0.7,-2.4,,100%,,-$10,-$8
,,,Willie Bloomquist,157,147,38,7,1,1,16,12,7,27,1,2,1,0.258,0.294,0.333,0.279,0,1066,-0.8,-0.9,-0.9,-0.4,0.6,-2.4,,100%,,-$10,-$8
C,CHW,,Tyler Flowers,296,267,56,10,1,10,30,32,20,99,4,2,1,0.208,0.272,0.364,0.283,1,9134,-0.2,0.2,-0.1,-0.4,-1.9,-2.4,,100%,,-$10,-$8
,,,Josh Phegley,176,163,39,8,1,5,19,20,8,29,2,1,1,0.241,0.283,0.395,0.299,1,9308,-0.7,-0.4,-0.6,-0.5,-0.3,-2.4,,100%,,-$10,-$8
,,,Brandon Barnes,142,131,32,7,1,3,15,15,8,40,1,3,2,0.248,0.295,0.390,0.3,-0,629,-0.8,-0.7,-0.8,-0.3,0.1,-2.5,,100%,,-$10,-$8
,,,Jake Elmore,167,149,37,7,0,1,16,13,14,23,1,5,3,0.248,0.318,0.322,0.290,0,7290,-0.8,-0.9,-0.8,-0.0,0.1,-2.5,,100%,,-$10,-$8
,,,Tuffy Gosewisch,364,341,75,18,1,6,29,31,15,65,3,2,1,0.218,0.255,0.329,0.259,0,5277,-0.3,-0.3,-0.2,-0.4,-1.4,-2.5,,100%,,-$10,-$8
,,,Mark Ellis,247,224,54,9,1,2,23,19,15,44,4,3,2,0.240,0.297,0.321,0.278,0,1443,-0.5,-0.8,-0.6,-0.3,-0.3,-2.5,,100%,,-$10,-$8
,,,Miguel Sano,131,117,28,5,1,6,17,18,11,36,1,2,1,0.237,0.308,0.456,0.335,1,sa548088,-0.7,-0.3,-0.7,-0.4,-0.5,-2.6,,100%,,-$10,-$8
,,,Ruben Tejada,244,217,53,10,0,2,23,17,21,36,3,2,1,0.243,0.315,0.319,0.285,1,5519,-0.5,-0.8,-0.7,-0.4,-0.2,-2.6,,100%,,-$10,-$8
,,,A.J. Pierzynski,189,177,43,7,1,4,16,19,7,31,2,1,0,0.244,0.281,0.360,0.282,0.3,746,-0.8,-0.6,-0.6,-0.5,-0.1,-2.6,,100%,,-$10,-$8
,,,Alex Presley,87,79,21,3,1,2,10,8,6,16,1,2,1,0.260,0.311,0.392,0.31,0,5305,-1.0,-0.8,-1.0,-0.4,0.7,-2.6,,100%,,-$10,-$8
,,,Kristopher Negron,286,263,57,11,1,6,25,25,16,72,4,6,3,0.215,0.268,0.331,0.268,-0,5306,-0.4,-0.3,-0.4,0.1,-1.5,-2.6,,100%,,-$10,-$8
,,,Jeff Baker,169,155,38,8,1,3,16,17,11,39,1,1,1,0.248,0.299,0.382,0.301,-0,2073,-0.8,-0.7,-0.7,-0.5,0.1,-2.6,,100%,,-$10,-$8
,,,Nate McLouth,168,149,35,7,1,3,19,14,15,30,2,5,2,0.238,0.312,0.354,0.3,0,3190,-0.7,-0.7,-0.8,-0.0,-0.4,-2.6,,100%,,-$10,-$8
,,,Justin Bour,164,148,36,7,0,4,16,17,12,29,1,1,1,0.245,0.304,0.387,0.302,0,9744,-0.8,-0.6,-0.7,-0.5,-0.1,-2.6,,100%,,-$10,-$8
,,,Reed Johnson,133,124,32,7,0,2,13,12,4,29,3,2,1,0.254,0.292,0.364,0.291,-0,1702,-0.9,-0.8,-0.9,-0.4,0.4,-2.6,,100%,,-$10,-$8
,,,Mark Reynolds,236,204,44,9,0,9,25,28,26,66,2,2,1,0.214,0.307,0.397,0.314,0,7619,-0.4,0.1,-0.3,-0.4,-1.6,-2.6,,100%,,-$10,-$8
,,,Luis Sardinas,199,187,45,8,1,1,16,15,8,30,1,6,3,0.242,0.276,0.310,0.262,-0,13153,-0.8,-0.9,-0.8,0.1,-0.2,-2.6,,100%,,-$10,-$8
,,,Jose Constanza,107,99,26,3,0,0,9,8,6,15,0,4,2,0.259,0.303,0.310,0.276,-0,6003,-1.0,-1.1,-1.0,-0.2,0.6,-2.7,,100%,,-$11,-$9
,,,Rickie Weeks,190,167,38,8,1,5,21,18,17,47,3,3,2,0.231,0.313,0.371,0.31,0,1849,-0.6,-0.4,-0.7,-0.3,-0.8,-2.7,,100%,,-$11,-$9
,,,Steve Lombardozzi,100,94,24,4,1,1,9,8,4,12,1,2,1,0.260,0.294,0.342,0.282,0,5422,-1.0,-0.9,-1.0,-0.4,0.7,-2.7,,100%,,-$11,-$9
,,,Skip Schumaker,247,224,54,11,1,2,20,18,18,45,2,2,1,0.241,0.300,0.317,0.278,-1,3704,-0.6,-0.8,-0.7,-0.4,-0.3,-2.7,,100%,,-$11,-$9
,,,John Mayberry,216,194,44,9,0,6,21,22,17,49,2,2,1,0.225,0.292,0.375,0.297,0.0,3390,-0.6,-0.3,-0.5,-0.4,-1.0,-2.8,,100%,,-$11,-$9
,,,Sean Rodriguez,168,153,36,8,1,4,17,17,11,39,2,2,1,0.237,0.294,0.381,0.299,0,6589,-0.7,-0.6,-0.7,-0.4,-0.5,-2.8,,100%,,-$11,-$9
,,,Collin Cowgill,214,193,44,8,1,4,22,19,16,51,2,3,1,0.229,0.293,0.336,0.283,0,7250,-0.5,-0.6,-0.6,-0.3,-0.8,-2.8,,100%,,-$11,-$9
,,,Pete Kozma,256,231,52,12,0,3,21,22,19,43,2,4,2,0.226,0.287,0.321,0.272,0,2539,-0.6,-0.7,-0.5,-0.2,-1.0,-2.9,,100%,,-$12,-$9
,,,Devon Travis,66,60,15,3,1,1,8,7,4,10,1,2,1,0.257,0.304,0.391,0.307,0,sa578013,-1.1,-0.9,-1.1,-0.4,0.5,-3.0,,100%,,-$12,-$10
,,,Tyler Collins,126,114,27,5,0,4,14,14,9,25,1,2,1,0.239,0.297,0.387,0.303,0,12723,-0.8,-0.6,-0.8,-0.4,-0.4,-3.0,,100%,,-$12,-$10
,,,Phil Gosselin,148,138,34,6,1,2,12,12,7,26,1,2,1,0.247,0.286,0.335,0.276,0.0,10953,-0.9,-0.8,-0.9,-0.4,0.0,-3.0,,100%,,-$12,-$10
,,,Carlos Corporan,155,141,33,6,0,4,16,17,10,34,2,1,0,0.237,0.295,0.375,0.297,1,5587,-0.8,-0.6,-0.7,-0.5,-0.5,-3.0,,100%,,-$12,-$10
,,,Logan Schafer,210,189,43,9,1,3,19,18,16,38,2,4,2,0.229,0.293,0.338,0.282,-0,7937,-0.7,-0.7,-0.7,-0.2,-0.8,-3.0,,100%,,-$12,-$10
OF,CWS,,J.B. Shuck,104,94,24,4,1,1,11,8,8,10,1,2,1,0.253,0.311,0.333,0.289,0.0,6677,-1.0,-0.9,-1.0,-0.4,0.3,-3.0,-197%,100%,,-$12,-$10
,,,Tommy Medica,208,188,42,8,1,6,20,22,14,55,2,2,1,0.222,0.284,0.380,0.295,0,11147,-0.6,-0.3,-0.5,-0.4,-1.2,-3.0,,100%,,-$12,-$10
,,,Hank Conger,210,189,43,9,0,5,21,21,17,46,2,1,1,0.227,0.295,0.364,0.293,1,2505,-0.6,-0.4,-0.5,-0.5,-0.9,-3.0,,100%,,-$12,-$10
,,,Tyler Moore,99,89,22,5,0,4,11,12,7,25,1,1,0,0.244,0.305,0.426,0.32,0,7244,-1.0,-0.6,-0.9,-0.5,-0.1,-3.0,,100%,,-$12,-$10
,,,Carlos Quentin,144,126,30,7,0,5,16,17,13,27,3,0,0,0.236,0.321,0.415,0.327,0,6274,-0.8,-0.4,-0.7,-0.6,-0.5,-3.0,,100%,,-$12,-$10
1B,BAL,,Christian Walker,100,91,22,4,0,3,11,11,7,22,1,1,0,0.247,0.301,0.403,0.311,0,13419,-1.0,-0.7,-0.9,-0.5,0.0,-3.1,-164%,100%,,-$12,-$10
,,,Jose Pirela,100,92,23,4,1,2,10,10,6,13,1,2,1,0.248,0.296,0.371,0.296,0,5485,-1.0,-0.8,-1.0,-0.4,0.1,-3.1,,100%,,-$12,-$10
,,,Ryan Flaherty,192,174,40,8,1,5,20,20,12,42,2,1,1,0.227,0.286,0.369,0.290,0,7888,-0.6,-0.4,-0.6,-0.5,-0.9,-3.1,,100%,,-$12,-$10
,,,Zach Walters,114,106,25,5,1,5,13,15,6,29,1,1,1,0.236,0.276,0.433,0.310,0.2,10622,-0.9,-0.4,-0.8,-0.5,-0.5,-3.1,,100%,,-$12,-$10
,,,Matt den Dekker,146,132,31,7,1,3,13,13,11,31,1,4,2,0.235,0.298,0.356,0.292,0,11385,-0.9,-0.7,-0.8,-0.2,-0.6,-3.1,,100%,,-$12,-$10
,,,Mike Olt,239,212,43,8,0,9,25,27,23,77,2,2,1,0.204,0.284,0.377,0.295,0,10698,-0.4,0.1,-0.3,-0.4,-2.1,-3.1,,100%,,-$12,-$10
,,,Steve Tolleson,132,118,29,5,1,2,14,12,11,29,1,2,1,0.242,0.307,0.352,0.296,0,4450,-0.8,-0.8,-0.9,-0.4,-0.2,-3.2,,100%,,-$13,-$10
,,,Henry Urrutia,32,30,8,1,0,1,3,3,2,7,0,0,0,0.265,0.301,0.376,0.299,0,14441,-1.3,-0.9,-1.2,-0.6,0.9,-3.2,,100%,,-$13,-$10
,,,Jesus Montero,62,56,14,3,0,2,7,8,4,12,0,0,0,0.255,0.307,0.428,0.322,0,5514,-1.1,-0.8,-1.0,-0.6,0.4,-3.2,,100%,,-$13,-$10
,,,Bryan Holaday,181,167,39,8,1,2,17,16,10,33,2,2,1,0.236,0.283,0.335,0.276,0.3,11287,-0.7,-0.8,-0.7,-0.4,-0.5,-3.2,,100%,,-$13,-$10
,,,Ryan Wheeler,41,38,10,2,0,1,4,5,2,8,0,0,0,0.262,0.306,0.401,0.312,-0,9312,-1.2,-0.9,-1.2,-0.6,0.7,-3.2,,100%,,-$13,-$10
,,,Chris Nelson,164,150,36,7,1,3,15,15,11,36,1,1,1,0.238,0.293,0.351,0.29,0,8175,-0.8,-0.7,-0.8,-0.5,-0.4,-3.2,,100%,,-$13,-$10
,,,Danny Valencia,99,92,23,5,0,3,10,11,5,20,0,1,0,0.244,0.286,0.395,0.300,0,6364,-1.0,-0.7,-0.9,-0.5,-0.1,-3.2,,100%,,-$13,-$10
,,,Cory Spangenberg,101,94,23,4,1,1,9,8,5,21,1,4,2,0.245,0.286,0.341,0.279,0.1,12294,-1.0,-0.9,-1.0,-0.2,-0.1,-3.2,,100%,,-$13,-$10
,,,Brendan Ryan,333,301,62,13,1,3,29,24,23,70,3,6,3,0.206,0.267,0.280,0.249,0,6073,-0.3,-0.7,-0.4,0.1,-2.0,-3.3,,100%,,-$13,-$11
,,,Joey Terdoslavich,104,94,23,5,0,3,10,11,7,22,1,1,1,0.243,0.300,0.386,0.303,0,10593,-1.0,-0.7,-0.9,-0.5,-0.2,-3.3,,100%,,-$13,-$11
,,,Adam Rosales,123,112,27,5,0,2,13,12,8,26,1,2,1,0.240,0.298,0.359,0.29,0,9682,-0.9,-0.8,-0.9,-0.4,-0.3,-3.3,,100%,,-$13,-$11
,,,Tony Cruz,212,195,44,10,1,3,18,19,13,40,1,2,2,0.228,0.279,0.327,0.270,0,2802,-0.7,-0.7,-0.6,-0.4,-0.9,-3.3,,100%,,-$13,-$11
C,CWS,,Geovany Soto,182,163,36,8,0,6,19,20,16,47,1,1,1,0.221,0.292,0.378,0.299,1,3707,-0.7,-0.3,-0.6,-0.5,-1.2,-3.3,,100%,,-$13,-$11
,,,Tony Campana,136,125,30,4,1,0,12,10,8,28,1,7,3,0.235,0.282,0.293,0.259,-0,4964,-0.9,-1.1,-1.0,0.2,-0.6,-3.3,,100%,,-$13,-$11
,,,Todd Cunningham,108,99,24,4,0,1,9,9,6,17,1,3,2,0.245,0.294,0.333,0.28,-0,10822,-1.0,-0.9,-1.0,-0.3,-0.1,-3.3,,100%,,-$13,-$11
,,,Chris Colabello,99,90,22,4,0,4,11,12,7,26,1,0,0,0.240,0.303,0.419,0.317,0,13051,-1.0,-0.6,-0.9,-0.6,-0.3,-3.3,,100%,,-$13,-$11
,,,Kyle Parker,28,26,7,1,0,1,3,3,2,6,0,0,0,0.261,0.308,0.421,0.321,0,11763,-1.3,-0.9,-1.2,-0.6,0.7,-3.3,,100%,,-$13,-$11
,,,Robbie Grossman,125,108,26,5,0,2,14,10,14,28,1,3,2,0.237,0.327,0.350,0.306,0,5254,-0.8,-0.8,-1.0,-0.3,-0.5,-3.4,,100%,,-$13,-$11
,,,Eugenio Suarez,179,162,37,7,1,3,16,16,13,40,2,3,2,0.228,0.290,0.345,0.285,0,12552,-0.8,-0.7,-0.7,-0.3,-0.9,-3.4,,100%,,-$13,-$11
,,,Chris Stewart,175,157,37,7,0,2,15,14,13,28,2,2,1,0.235,0.301,0.316,0.278,1,3878,-0.8,-0.8,-0.8,-0.4,-0.6,-3.4,,100%,,-$13,-$11
,,,Erik Kratz,120,110,26,5,0,4,13,13,8,23,1,1,0,0.234,0.287,0.391,0.297,1,4403,-0.9,-0.6,-0.8,-0.5,-0.6,-3.4,,100%,,-$14,-$11
,,,Rafael Ynoa,49,45,11,2,0,1,5,4,3,8,0,1,1,0.255,0.305,0.351,0.29,-0,2832,-1.2,-0.9,-1.2,-0.5,0.4,-3.4,,100%,,-$14,-$11
,,,Ryan Raburn,146,133,31,7,0,4,15,16,10,36,1,1,0,0.230,0.289,0.380,0.296,0,2218,-0.8,-0.6,-0.7,-0.5,-0.8,-3.4,,100%,,-$14,-$11
,,,Jose Peraza,54,51,13,2,1,0,4,4,2,7,0,4,2,0.251,0.281,0.330,0.271,0,sa596851,-1.2,-1.1,-1.2,-0.2,0.2,-3.4,,100%,,-$14,-$11
,,,Marwin Gonzalez,117,108,26,5,0,2,11,10,6,20,1,2,1,0.240,0.284,0.345,0.280,0,5497,-1.0,-0.8,-1.0,-0.4,-0.3,-3.4,,100%,,-$14,-$11
,,,Garin Cecchini,26,24,6,1,0,0,3,3,2,5,0,1,0,0.259,0.330,0.371,0.313,0,11608,-1.3,-1.1,-1.2,-0.5,0.6,-3.4,,100%,,-$14,-$11
,,,Martin Maldonado,212,191,42,8,1,5,19,21,15,51,3,1,1,0.219,0.283,0.351,0.283,1,6887,-0.7,-0.4,-0.5,-0.5,-1.3,-3.5,,100%,,-$14,-$11
,,,Derek Dietrich,98,89,21,4,1,3,10,11,6,21,2,1,0,0.239,0.299,0.400,0.309,0,10542,-1.0,-0.7,-0.9,-0.5,-0.4,-3.5,,100%,,-$14,-$11
,,,Junior Lake,105,97,23,4,1,3,11,10,5,28,1,3,1,0.234,0.278,0.371,0.29,0,4672,-1.0,-0.7,-1.0,-0.3,-0.6,-3.5,,100%,,-$14,-$11
,,,Alex Guerrero,95,89,21,4,1,3,9,11,4,18,1,1,1,0.239,0.276,0.393,0.294,0,15670,-1.0,-0.7,-0.9,-0.5,-0.4,-3.5,,100%,,-$14,-$11
,,,Welington Castillo,92,83,20,4,0,3,9,10,7,21,1,0,0,0.242,0.310,0.390,0.312,1,3256,-1.0,-0.7,-1.0,-0.6,-0.2,-3.5,,100%,,-$14,-$11
,,,Donovan Solano,64,59,15,3,0,1,6,5,4,11,1,1,0,0.251,0.302,0.335,0.3,0,8623,-1.1,-0.9,-1.2,-0.5,0.2,-3.5,,100%,,-$14,-$11
,,,Danny Espinosa,184,168,36,8,1,4,18,17,11,56,3,3,2,0.218,0.278,0.348,0.278,0,9219,-0.7,-0.6,-0.7,-0.3,-1.4,-3.6,,100%,,-$14,-$12
,,,Mike Carp,67,60,15,3,0,2,7,8,6,16,1,0,0,0.246,0.316,0.403,0.320,0,7480,-1.1,-0.8,-1.0,-0.6,-0.0,-3.6,,100%,,-$14,-$12
,,,Andrew Brown,99,89,21,4,0,3,11,11,8,23,1,1,0,0.235,0.304,0.401,0.312,0.1,3837,-1.0,-0.7,-0.9,-0.5,-0.6,-3.6,,100%,,-$14,-$12
,,,Shane Peterson,67,59,15,3,0,1,7,6,7,16,0,1,0,0.247,0.325,0.378,0.314,0,7423,-1.1,-0.9,-1.1,-0.5,0.0,-3.6,,100%,,-$14,-$12
,,,A.J. Ellis,184,157,35,7,0,3,17,16,22,34,2,1,0,0.226,0.326,0.329,0.297,1,5677,-0.7,-0.7,-0.7,-0.5,-1.0,-3.7,,100%,,-$15,-$12
,,,Elian Herrera,124,113,27,5,1,1,11,9,8,25,1,3,1,0.236,0.291,0.313,0.272,-0,5432,-1.0,-0.9,-1.0,-0.3,-0.5,-3.7,,100%,,-$15,-$12
,,,Jordan Pacheco,104,97,23,5,0,1,9,9,5,15,1,1,0,0.242,0.286,0.333,0.276,-0,2677,-1.0,-0.9,-1.0,-0.5,-0.2,-3.7,,100%,,-$15,-$12
,,,Byron Buxton,66,60,14,2,1,1,7,7,4,15,1,3,2,0.240,0.296,0.364,0.294,0,sa657851,-1.1,-0.9,-1.1,-0.3,-0.3,-3.7,,100%,,-$15,-$12
,,,JR Murphy,122,111,26,5,0,3,13,12,8,23,1,1,0,0.230,0.283,0.366,0.289,0,10346,-0.9,-0.7,-0.9,-0.5,-0.8,-3.8,,100%,,-$15,-$12
,,,Clint Barmes,259,238,50,10,1,4,20,21,15,53,3,2,1,0.212,0.265,0.305,0.254,0,1830,-0.6,-0.6,-0.5,-0.4,-1.7,-3.8,,100%,,-$15,-$12
,,,Tim Federowicz,211,191,42,9,0,4,18,19,15,50,1,1,1,0.217,0.277,0.336,0.274,1,8609,-0.7,-0.6,-0.6,-0.5,-1.4,-3.8,,100%,,-$15,-$12
,,,Efren Navarro,67,61,15,3,0,1,6,6,5,11,0,1,0,0.244,0.305,0.335,0.287,0,9854,-1.1,-0.9,-1.1,-0.5,-0.1,-3.8,,100%,,-$15,-$12
C,BAL,,Caleb Joseph,154,142,31,6,0,4,15,15,9,34,1,1,1,0.222,0.271,0.345,0.274,1,7087,-0.8,-0.6,-0.8,-0.5,-1.2,-3.8,,100%,,-$15,-$12
,,,Josh Satin,62,54,13,3,0,1,6,6,7,14,0,0,0,0.246,0.331,0.372,0.316,0,6788,-1.1,-0.9,-1.1,-0.6,-0.0,-3.8,,100%,,-$15,-$12
,,,Nate Freiman,68,61,15,3,0,2,7,8,5,13,1,0,0,0.241,0.302,0.395,0.309,0.1,6582,-1.1,-0.8,-1.0,-0.6,-0.3,-3.8,,100%,,-$15,-$12
,,,Blake Swihart,49,45,11,2,0,1,5,5,3,9,0,1,0,0.245,0.291,0.363,0.290,0,sa597790,-1.2,-0.9,-1.2,-0.5,-0.1,-3.9,,100%,,-$15,-$12
,,,Nick Ahmed,135,125,29,6,1,1,11,10,7,19,1,3,2,0.231,0.276,0.320,0.27,0,12147,-1.0,-0.9,-1.0,-0.3,-0.8,-3.9,,100%,,-$15,-$12
,,,Jose Lobaton,116,104,24,5,0,2,10,10,10,27,1,1,0,0.234,0.303,0.340,0.289,0,4243,-1.0,-0.8,-1.0,-0.5,-0.6,-3.9,,100%,,-$15,-$12
,,,Juan Perez,108,100,23,5,0,2,9,9,5,21,1,2,1,0.233,0.274,0.339,0.273,0,5371,-1.0,-0.8,-1.0,-0.4,-0.7,-3.9,,100%,,-$15,-$12
,,,Kirk Nieuwenhuis,144,128,28,6,1,4,14,14,12,39,1,2,1,0.220,0.290,0.371,0.293,0,6400,-0.8,-0.6,-0.8,-0.4,-1.3,-3.9,,100%,,-$15,-$12
,,,Ryan Roberts,88,79,19,4,0,2,9,8,7,17,0,1,1,0.236,0.298,0.355,0.292,0,5653,-1.0,-0.8,-1.0,-0.5,-0.5,-3.9,,100%,,-$16,-$13
,,,Matt Duffy,48,44,11,2,0,0,4,4,3,8,0,1,1,0.248,0.301,0.332,0.284,0,13836,-1.2,-1.1,-1.2,-0.5,0.1,-3.9,,100%,,-$16,-$13
,,,Charlie Culberson,20,18,5,1,0,0,2,2,1,4,0,0,0,0.253,0.289,0.387,0.297,0,3298,-1.3,-1.1,-1.3,-0.6,0.3,-3.9,,100%,,-$16,-$13
,,,Paulo Orlando,20,18,5,1,0,0,2,2,1,3,0,1,0,0.250,0.293,0.344,0.284,0,sa322953,-1.3,-1.1,-1.3,-0.5,0.2,-4.0,,100%,,-$16,-$13
,,,Chris Heisey,82,76,18,4,0,2,8,8,4,17,1,2,1,0.233,0.279,0.373,0.289,0,3978,-1.1,-0.8,-1.0,-0.4,-0.7,-4.0,,100%,,-$16,-$13
,,,Steven Moya,86,81,19,3,0,3,9,10,3,24,1,2,1,0.228,0.259,0.398,0.287,-0,11854,-1.0,-0.7,-1.0,-0.4,-0.9,-4.0,,100%,,-$16,-$13
,,,Tony Gwynn,102,91,21,4,1,1,9,8,9,18,1,3,1,0.232,0.301,0.314,0.277,0,6141,-1.0,-0.9,-1.0,-0.3,-0.7,-4.0,,100%,,-$16,-$13
,,,Mikie Mahtook,98,90,21,4,1,2,10,9,6,23,1,2,1,0.230,0.284,0.345,0.279,0,sa577782,-1.0,-0.8,-1.0,-0.4,-0.8,-4.0,,100%,,-$16,-$13
,,,J.T. Realmuto,94,86,20,4,1,1,8,8,6,16,1,2,1,0.234,0.288,0.345,0.283,0,11739,-1.1,-0.9,-1.0,-0.4,-0.6,-4.0,,100%,,-$16,-$13
,,,Delino Deshields,98,88,19,3,1,1,10,9,8,21,1,6,3,0.222,0.292,0.318,0.3,0,sa548171,-1.0,-0.9,-1.0,0.1,-1.2,-4.0,,100%,,-$16,-$13
,,,Jake Smolinski,53,47,11,2,0,1,6,5,4,10,1,1,0,0.240,0.311,0.369,0.303,0,5408,-1.1,-0.9,-1.2,-0.5,-0.3,-4.1,,100%,,-$16,-$13
,,,Brennan Boesch,34,32,8,1,0,1,4,4,2,8,0,1,0,0.242,0.291,0.411,0.308,0,914,-1.2,-0.9,-1.2,-0.5,-0.2,-4.1,,100%,,-$16,-$13
,,,Dean Anna,100,88,21,4,1,1,9,9,9,14,1,1,1,0.234,0.313,0.336,0.294,0,8353,-1.0,-0.9,-1.0,-0.5,-0.6,-4.1,,100%,,-$16,-$13
,,,Jeff Francoeur,101,94,22,4,0,2,9,10,5,22,1,1,1,0.230,0.273,0.362,0.279,-0.2,4792,-1.0,-0.8,-1.0,-0.5,-0.8,-4.1,,100%,,-$16,-$13
,,,Wynton Bernard,13,12,3,1,0,0,1,1,1,2,0,1,0,0.247,0.292,0.352,0.287,0,sa658999,-1.3,-1.1,-1.3,-0.5,0.0,-4.2,,100%,,-$17,-$13
,,,Tomas Telis,31,29,7,1,0,0,3,3,1,4,0,0,0,0.246,0.276,0.336,0.27,0,10067,-1.3,-1.1,-1.2,-0.6,-0.0,-4.2,,100%,,-$17,-$13
,,,Ben Paulsen,20,19,5,1,0,1,2,2,1,5,0,0,0,0.244,0.299,0.411,0.312,0,9741,-1.3,-0.9,-1.3,-0.6,-0.1,-4.2,,100%,,-$17,-$14
,,,Ramon Flores,33,29,7,1,0,1,4,3,3,6,0,1,0,0.239,0.305,0.369,0.301,0,sa503262,-1.2,-0.9,-1.2,-0.5,-0.4,-4.3,,100%,,-$17,-$14
,,,Eddie Rosario,46,43,10,2,0,1,5,4,2,9,0,1,1,0.237,0.274,0.349,0.276,0,sa548299,-1.2,-0.9,-1.2,-0.5,-0.5,-4.3,,100%,,-$17,-$14
,,,Travis Ishikawa,65,58,14,3,0,1,6,6,5,16,1,0,0,0.237,0.306,0.364,0.298,0,4793,-1.1,-0.9,-1.1,-0.6,-0.5,-4.3,,100%,,-$17,-$14
,,,Tyler Austin,33,30,7,1,0,1,4,3,2,7,0,0,0,0.240,0.297,0.372,0.297,0,sa549178,-1.2,-0.9,-1.2,-0.6,-0.3,-4.3,,100%,,-$17,-$14
,,,Cameron Maybin,34,31,7,1,0,1,3,3,3,7,0,1,0,0.238,0.302,0.351,0.291,0,5223,-1.3,-0.9,-1.2,-0.5,-0.4,-4.3,,100%,,-$17,-$14
,,,James McCann,31,29,7,2,0,0,3,3,1,6,0,0,0,0.243,0.282,0.348,0.280,0.1,12859,-1.3,-1.1,-1.2,-0.6,-0.2,-4.3,,100%,,-$17,-$14
,,,Ryan Lavarnway,12,11,3,1,0,0,1,1,1,2,0,0,0,0.246,0.317,0.379,0.310,0,8879,-1.3,-1.1,-1.3,-0.6,-0.0,-4.3,,100%,,-$17,-$14
,,,Andrew Susac,108,96,21,4,0,3,10,10,10,25,1,0,0,0.224,0.304,0.355,0.297,0,13132,-1.0,-0.7,-1.0,-0.6,-1.1,-4.4,,100%,,-$17,-$14
,,,Darwin Barney,82,75,17,3,0,1,7,6,5,10,1,1,0,0.232,0.282,0.315,0.267,0,2430,-1.1,-0.9,-1.1,-0.5,-0.7,-4.4,,100%,,-$17,-$14
,,,Jason Rogers,34,31,7,1,0,1,3,4,3,7,0,0,0,0.239,0.301,0.387,0.305,0,11773,-1.3,-0.9,-1.2,-0.6,-0.4,-4.4,,100%,,-$17,-$14
,,,Brett Hayes,120,112,24,5,0,3,11,13,6,31,1,1,1,0.218,0.260,0.367,0.275,0,4293,-1.0,-0.7,-0.8,-0.5,-1.4,-4.4,,100%,,-$17,-$14
,,,Peter O'Brien,54,50,11,2,0,3,6,7,3,15,1,0,0,0.229,0.276,0.447,0.315,0,sa577327,-1.1,-0.7,-1.1,-0.6,-0.8,-4.4,,100%,,-$17,-$14
,,,Andy Wilkins,33,30,7,1,0,1,4,4,2,7,0,0,0,0.238,0.292,0.417,0.310,0,11251,-1.2,-0.9,-1.2,-0.6,-0.4,-4.4,,100%,,-$17,-$14
,,,Josh Thole,30,27,7,1,0,0,3,3,3,5,0,0,0,0.242,0.308,0.341,0.290,0,9689,-1.3,-1.1,-1.2,-0.6,-0.2,-4.4,,100%,,-$17,-$14
,,,Tyler Saladino,33,29,7,1,0,1,3,3,3,6,0,1,0,0.236,0.302,0.350,0.293,0,sa503153,-1.3,-0.9,-1.2,-0.5,-0.5,-4.4,,100%,,-$18,-$14
,,,Gerald Laird,66,60,14,3,0,1,6,5,5,12,1,1,0,0.232,0.297,0.327,0.279,0,1698,-1.1,-0.9,-1.2,-0.5,-0.7,-4.4,,100%,,-$18,-$14
,,,Donnie Murphy,100,91,20,4,0,3,10,11,6,26,2,1,1,0.219,0.278,0.380,0.292,0.1,4704,-1.0,-0.7,-0.9,-0.5,-1.3,-4.4,,100%,,-$18,-$14
,,,Giovanny Urshela,66,61,14,3,0,1,7,7,3,9,0,0,0,0.232,0.267,0.360,0.28,0,sa505997,-1.1,-0.9,-1.1,-0.6,-0.7,-4.4,,100%,,-$18,-$14
,,,Joey Wendle,33,30,7,1,0,1,3,3,2,6,0,0,0,0.238,0.286,0.360,0.286,0,sa658022,-1.3,-0.9,-1.2,-0.6,-0.4,-4.5,,100%,,-$18,-$14
,,,Abraham Almonte,44,40,9,2,0,1,4,4,3,10,0,1,1,0.234,0.295,0.349,0.287,-0,5486,-1.2,-0.9,-1.2,-0.5,-0.6,-4.5,,100%,,-$18,-$14
,,,Kelly Dugan,27,25,6,1,0,1,2,3,2,6,0,0,0,0.238,0.292,0.373,0.296,0.0,sa500838,-1.3,-0.9,-1.2,-0.6,-0.4,-4.5,,100%,,-$18,-$14
,,,Alex Hassan,20,17,4,1,0,0,2,2,2,5,0,0,0,0.241,0.324,0.356,0.31,0.0,9959,-1.3,-1.1,-1.3,-0.6,-0.3,-4.5,,100%,,-$18,-$15
,,,Dilson Herrera,34,31,7,1,0,1,3,3,2,7,0,1,0,0.234,0.284,0.355,0.285,0,14335,-1.3,-0.9,-1.2,-0.5,-0.6,-4.5,,100%,,-$18,-$15
,,,Addison Russell,33,30,7,1,0,1,3,3,2,7,0,1,0,0.234,0.289,0.371,0.293,0,sa657862,-1.3,-0.9,-1.2,-0.5,-0.6,-4.5,,100%,,-$18,-$15
,,,Jesus Sucre,122,115,26,4,0,1,10,10,5,21,1,1,0,0.223,0.255,0.297,0.25,0,5942,-1.0,-0.9,-1.0,-0.5,-1.1,-4.5,,100%,,-$18,-$15
,,,Kelly Johnson,69,61,14,3,0,2,7,7,6,17,1,1,0,0.225,0.303,0.369,0.300,0,2234,-1.1,-0.8,-1.1,-0.5,-1.0,-4.5,,100%,,-$18,-$15
,,,Jorge Polanco,33,31,7,1,0,0,3,3,2,5,0,1,0,0.236,0.284,0.330,0.27,0,13152,-1.3,-1.1,-1.2,-0.5,-0.5,-4.6,,100%,,-$18,-$15
,,,Yorman Rodriguez,135,125,27,5,1,2,11,11,8,37,1,2,1,0.215,0.263,0.323,0.263,-0,9922,-1.0,-0.8,-0.9,-0.4,-1.5,-4.6,,100%,,-$18,-$15
OF,BOS,,Jackie Bradley Jr.,33,29,7,2,0,0,3,3,3,8,0,1,0,0.235,0.304,0.348,0.293,0,12984,-1.3,-1.1,-1.2,-0.5,-0.6,-4.6,-249%,100%,,-$18,-$15
,,,Jesus Aguilar,33,30,7,1,0,1,4,3,3,7,0,0,0,0.234,0.301,0.378,0.301,0,11342,-1.2,-0.9,-1.2,-0.6,-0.6,-4.6,,100%,,-$18,-$15
,,,Tyler Holt,60,54,12,2,0,0,5,4,5,12,0,2,1,0.230,0.296,0.294,0.269,0,11391,-1.2,-1.1,-1.2,-0.4,-0.8,-4.6,,100%,,-$18,-$15
,,,Austin Barnes,31,28,7,1,0,1,3,3,3,5,0,0,0,0.234,0.302,0.348,0.292,0,sa578958,-1.3,-0.9,-1.2,-0.6,-0.6,-4.7,,100%,,-$19,-$15
,,,Jonathan Villar,56,50,11,2,0,1,6,5,5,14,0,3,1,0.222,0.289,0.338,0.282,0,10071,-1.1,-0.9,-1.2,-0.3,-1.2,-4.7,,100%,,-$19,-$15
,,,Cheslor Cuthbert,39,36,8,2,0,1,4,4,2,7,0,1,0,0.229,0.280,0.340,0.276,0,sa549634,-1.2,-0.9,-1.2,-0.5,-0.8,-4.7,,100%,,-$19,-$15
,,,Oscar Hernandez,122,113,24,5,1,2,11,11,6,26,1,2,1,0.213,0.255,0.331,0.26,0,sa546558,-1.0,-0.8,-0.9,-0.4,-1.6,-4.7,,100%,,-$19,-$15
,,,Ryan Brett,13,12,3,1,0,0,1,1,1,2,0,1,0,0.236,0.277,0.336,0.273,0,sa548242,-1.3,-1.1,-1.3,-0.5,-0.5,-4.7,,100%,,-$19,-$15
,,,Austin Romine,59,53,12,2,0,1,6,5,4,12,0,1,0,0.226,0.281,0.340,0.277,0,5491,-1.1,-0.9,-1.2,-0.5,-1.0,-4.7,,100%,,-$19,-$15
,,,Jordan Danks,33,29,7,1,0,1,3,3,3,9,0,0,0,0.232,0.306,0.364,0.299,0,9187,-1.3,-0.9,-1.2,-0.6,-0.7,-4.7,,100%,,-$19,-$15
,,,James Jones,26,25,6,1,0,0,2,2,1,5,0,1,1,0.233,0.277,0.325,0.269,0,9767,-1.3,-1.1,-1.3,-0.5,-0.7,-4.8,,100%,,-$19,-$15
,,,Domingo Santana,60,53,12,2,0,2,6,6,5,18,1,1,0,0.221,0.295,0.373,0.299,0,10348,-1.1,-0.8,-1.1,-0.5,-1.2,-4.8,,100%,,-$19,-$15
,,,Pedro Florimon,81,74,16,3,0,1,7,7,6,20,0,3,1,0.217,0.274,0.308,0.26,0,8385,-1.1,-0.9,-1.1,-0.3,-1.4,-4.8,,100%,,-$19,-$15
,,,Chris Herrmann,63,57,13,2,0,1,6,5,5,13,0,1,0,0.224,0.291,0.326,0.276,0,9284,-1.1,-0.9,-1.2,-0.5,-1.1,-4.8,,100%,,-$19,-$16
,,,Tony Sanchez,61,55,12,3,0,1,6,6,5,15,1,0,0,0.225,0.290,0.356,0.289,0,6178,-1.1,-0.9,-1.1,-0.6,-1.0,-4.9,,100%,,-$19,-$16
,,,Daniel Fields,33,30,7,1,0,1,3,3,2,8,0,1,0,0.227,0.281,0.338,0.277,0,sa501512,-1.3,-0.9,-1.2,-0.5,-0.9,-4.9,,100%,,-$19,-$16
,,,Max Kepler,59,54,12,2,1,1,6,5,3,11,0,1,0,0.223,0.274,0.330,0.270,-0,sa549507,-1.1,-0.9,-1.2,-0.5,-1.1,-4.9,,100%,,-$19,-$16
,,,Enrique Hernandez,20,19,4,1,0,0,2,2,1,3,0,0,0,0.233,0.283,0.348,0.282,0,10472,-1.3,-1.1,-1.3,-0.6,-0.7,-4.9,,100%,,-$20,-$16
,,,Adrian Nieto,92,83,18,4,0,2,9,8,7,22,1,1,1,0.215,0.280,0.329,0.274,0,10294,-1.0,-0.8,-1.0,-0.5,-1.5,-4.9,,100%,,-$20,-$16
,,,Adam Duvall,54,50,11,2,0,2,5,6,3,11,1,0,0,0.222,0.273,0.384,0.291,0,10950,-1.2,-0.8,-1.1,-0.6,-1.2,-4.9,,100%,,-$20,-$16
,,,Matt Davidson,93,83,18,3,0,3,10,10,7,26,1,0,0,0.212,0.284,0.378,0.295,0,7226,-1.0,-0.7,-1.0,-0.6,-1.7,-4.9,,100%,,-$20,-$16
,,,Rymer Liriano,47,43,10,2,0,1,4,4,3,12,1,1,1,0.224,0.284,0.339,0.279,0,4779,-1.2,-0.9,-1.2,-0.5,-1.1,-4.9,,100%,,-$20,-$16
,,,Juan Centeno,62,57,13,2,0,0,5,4,3,9,0,0,0,0.228,0.275,0.293,0.256,0,7168,-1.2,-1.1,-1.2,-0.6,-0.9,-5.0,,100%,,-$20,-$16
,,,Ramon Santiago,32,29,7,1,0,0,3,3,3,6,0,0,0,0.230,0.301,0.315,0.280,0,1417,-1.3,-1.1,-1.2,-0.6,-0.8,-5.0,,100%,,-$20,-$16
,,,David Ross,121,108,22,5,0,3,11,12,10,39,1,1,1,0.206,0.277,0.350,0.280,0.3,1551,-1.0,-0.7,-0.9,-0.5,-2.0,-5.0,,100%,,-$20,-$16
,,,Socrates Brito,34,32,7,1,0,0,3,3,1,8,0,1,1,0.227,0.262,0.322,0.259,-0,sa556870,-1.3,-1.1,-1.2,-0.5,-0.9,-5.0,,100%,,-$20,-$16
,,,Tim Beckham,40,37,8,2,0,0,4,3,2,8,0,1,0,0.226,0.277,0.317,0.266,0,7949,-1.2,-1.1,-1.2,-0.5,-1.0,-5.0,,100%,,-$20,-$16
,,,Rob Brantly,18,17,4,1,0,0,2,2,1,3,0,0,0,0.230,0.277,0.329,0.270,0,10655,-1.3,-1.1,-1.3,-0.6,-0.8,-5.0,,100%,,-$20,-$16
,,,Xavier Scruggs,34,30,7,1,0,1,3,4,3,9,0,0,0,0.225,0.303,0.380,0.305,0,7409,-1.3,-0.9,-1.2,-0.6,-1.0,-5.0,,100%,,-$20,-$16
,,,Tommy Joseph,63,58,13,2,0,2,6,6,3,13,1,0,0,0.218,0.266,0.368,0.281,0,sa500806,-1.1,-0.8,-1.1,-0.6,-1.4,-5.1,,100%,,-$20,-$16
,,,Jake Goebbert,34,30,7,1,0,1,3,3,3,7,0,0,0,0.225,0.307,0.369,0.301,0,9431,-1.3,-0.9,-1.2,-0.6,-1.0,-5.1,,100%,,-$20,-$16
,,,Lane Adams,13,12,3,1,0,0,1,1,1,3,0,1,0,0.228,0.284,0.338,0.278,0,10767,-1.3,-1.1,-1.3,-0.5,-0.9,-5.1,,100%,,-$20,-$16
,,,Hector Sanchez,30,28,6,1,0,1,3,3,2,7,0,0,0,0.224,0.272,0.335,0.270,0,10289,-1.3,-0.9,-1.2,-0.6,-1.1,-5.1,,100%,,-$20,-$16
,,,Miguel Rojas,68,62,14,2,0,1,5,5,4,9,1,1,1,0.218,0.266,0.285,0.248,-0.1,7802,-1.2,-0.9,-1.2,-0.5,-1.4,-5.2,,100%,,-$21,-$17
,,,Wilfredo Tovar,66,61,13,2,0,0,5,5,4,7,1,1,1,0.220,0.270,0.290,0.25,0,10416,-1.2,-1.1,-1.2,-0.5,-1.3,-5.2,,100%,,-$21,-$17
,,,Kevan Smith,12,11,3,0,0,0,1,1,1,2,0,0,0,0.228,0.286,0.353,0.285,0.0,sa599392,-1.3,-1.1,-1.3,-0.6,-0.9,-5.2,,100%,,-$21,-$17
,,,Cameron Rupp,124,113,23,5,0,3,10,11,8,36,1,1,0,0.202,0.257,0.322,0.259,0,11146,-1.0,-0.7,-0.9,-0.5,-2.2,-5.3,,100%,,-$21,-$17
,,,Carlos Moncrief,13,12,3,1,0,0,1,1,1,3,0,0,0,0.227,0.281,0.365,0.285,0,sa392114,-1.3,-1.1,-1.3,-0.6,-0.9,-5.3,,100%,,-$21,-$17
,,,Brandon Drury,34,31,7,2,0,1,3,3,2,6,0,0,0,0.221,0.263,0.344,0.269,0,sa549169,-1.3,-0.9,-1.2,-0.6,-1.2,-5.3,,100%,,-$21,-$17
,,,Mason Williams,33,30,7,1,0,0,3,3,2,5,0,1,1,0.221,0.268,0.315,0.261,0,sa548309,-1.3,-1.1,-1.2,-0.5,-1.2,-5.3,,100%,,-$21,-$17
,,,Sandy Leon,92,82,18,3,0,1,8,8,8,18,1,0,0,0.213,0.282,0.309,0.266,0,5273,-1.1,-0.9,-1.0,-0.6,-1.6,-5.3,,100%,,-$21,-$17
,,,Anthony Recker,75,67,14,3,0,2,7,8,6,23,1,1,0,0.208,0.275,0.356,0.282,0,4063,-1.1,-0.8,-1.0,-0.5,-1.9,-5.3,,100%,,-$21,-$17
,,,Francisco Pena,31,29,6,1,0,1,3,3,1,5,0,0,0,0.220,0.262,0.373,0.280,0,8298,-1.3,-0.9,-1.2,-0.6,-1.3,-5.3,,100%,,-$21,-$17
,,,Tucker Barnhart,31,28,6,1,0,0,3,2,2,5,0,0,0,0.221,0.284,0.311,0.268,0,10200,-1.3,-1.1,-1.3,-0.6,-1.2,-5.4,,100%,,-$22,-$17
,,,Leury Garcia,34,32,7,1,0,0,3,3,2,8,0,2,1,0.215,0.257,0.294,0.25,-0,5913,-1.3,-1.1,-1.2,-0.4,-1.5,-5.5,,100%,,-$22,-$18
,,,Nevin Ashley,31,28,6,1,0,1,3,3,2,7,0,0,0,0.217,0.286,0.326,0.275,0.1,sa326761,-1.3,-0.9,-1.2,-0.6,-1.4,-5.5,,100%,,-$22,-$18
,,,Jorge Bonifacio,13,12,3,1,0,0,1,1,1,3,0,0,0,0.222,0.275,0.316,0.265,0,sa547943,-1.3,-1.1,-1.3,-0.6,-1.2,-5.5,,100%,,-$22,-$18
,,,Hector Gomez,34,32,7,1,0,1,3,3,1,7,0,0,0,0.216,0.254,0.333,0.260,0,2264,-1.3,-0.9,-1.2,-0.6,-1.5,-5.5,,100%,,-$22,-$18
,,,Mike Ohlman,18,16,4,1,0,0,2,2,1,4,0,0,0,0.220,0.284,0.320,0.273,0,sa501614,-1.3,-1.1,-1.3,-0.6,-1.3,-5.5,,100%,,-$22,-$18
,,,Roberto Perez,123,109,22,5,0,2,11,10,12,31,1,1,0,0.199,0.283,0.291,0.263,0,2900,-1.0,-0.8,-1.0,-0.5,-2.3,-5.5,,100%,,-$22,-$18
,,,Erik Gonzalez,13,12,3,1,0,0,1,1,1,3,0,0,0,0.221,0.254,0.308,0.250,0,sa506001,-1.3,-1.1,-1.3,-0.6,-1.2,-5.6,,100%,,-$22,-$18
,,,Tony Wolters,30,28,6,1,0,0,3,2,2,6,0,0,0,0.217,0.274,0.298,0.259,0,sa548197,-1.3,-1.1,-1.3,-0.6,-1.4,-5.6,,100%,,-$22,-$18
,,,Orlando Caxito,26,24,5,1,0,0,2,2,1,6,0,1,0,0.214,0.257,0.316,0.26,0,sa548078,-1.3,-1.1,-1.3,-0.5,-1.6,-5.7,,100%,,-$23,-$18
,,,Jason Giambi,33,29,6,1,0,1,3,3,3,8,0,0,0,0.212,0.297,0.352,0.290,-0,818,-1.3,-0.9,-1.2,-0.6,-1.7,-5.7,,100%,,-$23,-$18
,,,Drew Butera,120,110,21,4,0,2,10,10,8,27,1,1,0,0.196,0.254,0.287,0.244,0,3411,-1.0,-0.8,-1.0,-0.5,-2.4,-5.7,,100%,,-$23,-$18
,,,Dixon Machado,26,24,5,1,0,0,2,2,2,4,0,0,0,0.216,0.274,0.289,0.256,0,sa505035,-1.3,-1.1,-1.3,-0.6,-1.5,-5.7,,100%,,-$23,-$18
,,,Terrance Gore,33,30,6,1,0,0,3,2,2,8,0,2,1,0.208,0.262,0.268,0.241,-0,13658,-1.3,-1.1,-1.3,-0.4,-1.9,-5.8,,100%,,-$23,-$19
,,,Hak-Ju Lee,13,12,3,0,0,0,1,1,1,3,0,0,0,0.214,0.277,0.290,0.257,0.0,sa502536,-1.3,-1.1,-1.3,-0.6,-1.6,-5.9,,100%,,-$23,-$19
,,,Aaron Altherr,27,25,5,1,0,1,2,2,1,7,0,1,0,0.207,0.253,0.323,0.257,-0,11270,-1.3,-0.9,-1.3,-0.5,-1.9,-5.9,,100%,,-$24,-$19
,,,Curt Casali,18,16,3,1,0,0,2,2,2,4,0,0,0,0.212,0.290,0.314,0.275,0.1,12510,-1.3,-1.1,-1.3,-0.6,-1.7,-5.9,,100%,,-$24,-$19
,,,Jeff Mathis,89,81,16,3,0,2,7,7,6,27,1,0,0,0.197,0.256,0.302,0.248,0,3448,-1.1,-0.8,-1.1,-0.6,-2.4,-6.0,,100%,,-$24,-$19
,,,Jonathan Diaz,33,30,6,1,0,0,3,2,3,6,0,1,0,0.206,0.283,0.275,0.257,0,4142,-1.3,-1.1,-1.3,-0.5,-2.0,-6.1,,100%,,-$24,-$19
,,,Trayce Thompson,13,12,2,0,0,0,1,1,1,4,0,0,0,0.209,0.279,0.374,0.29,0.0,sa500820,-1.3,-1.1,-1.3,-0.6,-1.8,-6.1,,100%,,-$24,-$20
,,,Jackson Williams,31,29,6,1,0,0,3,3,2,7,0,0,0,0.203,0.264,0.298,0.253,0,8524,-1.3,-1.1,-1.2,-0.6,-2.1,-6.3,,100%,,-$25,-$20
,,,Erisbel Arruebarrena,14,13,3,1,0,0,1,1,1,4,0,0,0,0.203,0.248,0.287,0.240,0,15809,-1.3,-1.1,-1.3,-0.6,-2.1,-6.4,,100%,,-$26,-$21
,,,Justin O'Conner,12,11,2,0,0,0,1,1,0,3,0,0,0,0.202,0.239,0.318,0.248,0.0,sa548314,-1.3,-1.1,-1.3,-0.6,-2.2,-6.5,,100%,,-$26,-$21
,,,John Baker,30,27,5,1,0,0,2,2,3,8,0,0,0,0.197,0.269,0.263,0.242,0,4756,-1.3,-1.1,-1.3,-0.6,-2.4,-6.6,,100%,,-$26,-$21